[
  {
    "Branch Code": 9648,
    "Store Name": "Banstead",
    "Monday Opening Hours": "07:00 - 18:00",
    "Tuesday Opening Hours": "07:00 - 18:00",
    "Wednesday Opening Hours": "07:00 - 18:00",
    "Thursday Opening Hours": "07:00 - 18:00",
    "Friday Opening Hours": "07:00 - 18:00",
    "Saturday Opening Hours": "07:00 - 18:00",
    "Sunday Opening Hours": "08:00 - 17:00",
    "Area": "Central",
    "Area Client Experience Manager": "Cristiano Sobral",
    "Street": "79 High St, Banstead ",
    "County": "Surrey",
    "Postcode": "SM7 2NL",
    "Telephone": "",
    "Email": "sbuxbanstead@cobracoffee.co.uk",
    "Latitude": 51.322997,
    "Longitude": -0.200808,
    "SharePoint": "https://mostlane.sharepoint.com/Mostlane%20Shared%20Documents/Forms/AllItems.aspx?id=%2FMostlane%20Shared%20Documents%2FMostlane%20Construction%2FTSC%20Compliance%2FCOBRA%2F9648%20Banstead",
    "5_Year": "22/05/2028",
    "PAT": "18/03/2026",
    "EM": "18/03/2026",
    "PV": "",
    "EV": "",
    "PUMP": ""
  },
  {
    "Branch Code": 9605,
    "Store Name": "Crawley",
    "Monday Opening Hours": "07:00 - 19:00",
    "Tuesday Opening Hours": "07:00 - 19:00",
    "Wednesday Opening Hours": "07:00 - 19:00",
    "Thursday Opening Hours": "07:00 - 19:00",
    "Friday Opening Hours": "07:00 - 19:00",
    "Saturday Opening Hours": "07:00 - 19:00",
    "Sunday Opening Hours": "08:30 - 17:00",
    "Area": "Central",
    "Area Client Experience Manager": "Cristiano Sobral",
    "Street": "12 Queen's Sq, Crawley",
    "County": "West Sussex",
    "Postcode": "RH10 1DY",
    "Telephone": "01293 611630",
    "Email": "sbuxcrawley@cobracoffee.co.uk",
    "Latitude": 51.115751,
    "Longitude": -0.18725,
    "SharePoint": "https://mostlane.sharepoint.com/Mostlane%20Shared%20Documents/Forms/AllItems.aspx?id=%2FMostlane%20Shared%20Documents%2FMostlane%20Construction%2FTSC%20Compliance%2FCOBRA%2F9605%20Crawley",
    "5_Year": "12/03/2030",
    "PAT": "06/03/2026",
    "EM": "06/03/2026",
    "PV": "",
    "EV": "",
    "PUMP": ""
  },
  {
    "Branch Code": 9622,
    "Store Name": "Dorking",
    "Monday Opening Hours": "07:00 - 19:00",
    "Tuesday Opening Hours": "07:00 - 19:00",
    "Wednesday Opening Hours": "07:00 - 19:00",
    "Thursday Opening Hours": "07:00 - 19:00",
    "Friday Opening Hours": "07:00 - 19:00",
    "Saturday Opening Hours": "08:00 - 18:00",
    "Sunday Opening Hours": "09:00 - 17:00",
    "Area": "Central",
    "Area Client Experience Manager": "Cristiano Sobral",
    "Street": "21-27 High St, Dorking",
    "County": "Surrey",
    "Postcode": "RH4 1AR",
    "Telephone": "01306 881471",
    "Email": "sbuxdorking@cobracoffee.co.uk",
    "Latitude": 51.231786,
    "Longitude": -0.332796,
    "SharePoint": "https://mostlane.sharepoint.com/Mostlane%20Shared%20Documents/Forms/AllItems.aspx?id=%2FMostlane%20Shared%20Documents%2FMostlane%20Construction%2FTSC%20Compliance%2FCOBRA%2F9622%20Dorking",
    "5_Year": "25/06/2030",
    "PAT": "01/04/2026",
    "EM": "01/04/2026",
    "PV": "",
    "EV": "",
    "PUMP": ""
  },
  {
    "Branch Code": 9617,
    "Store Name": "Horsham",
    "Monday Opening Hours": "06:30 - 20:00",
    "Tuesday Opening Hours": "06:30 - 20:00",
    "Wednesday Opening Hours": "06:30 - 20:00",
    "Thursday Opening Hours": "06:30 - 20:00",
    "Friday Opening Hours": "06:30 - 20:00",
    "Saturday Opening Hours": "07:30 - 20:00",
    "Sunday Opening Hours": "08:00 - 18:00",
    "Area": "Central",
    "Area Client Experience Manager": "Cristiano Sobral",
    "Street": "10-11 Piries Place, Horsham",
    "County": "West Sussex",
    "Postcode": "RH12 1EH",
    "Telephone": "01403 230005",
    "Email": "sbuxhorsham@cobracoffee.co.uk",
    "Latitude": 51.062394,
    "Longitude": -0.327068,
    "SharePoint": "https://mostlane.sharepoint.com/Mostlane%20Shared%20Documents/Forms/AllItems.aspx?id=%2FMostlane%20Shared%20Documents%2FMostlane%20Construction%2FTSC%20Compliance%2FCOBRA%2F9617%20Horsham",
    "5_Year": "06/06/2029",
    "PAT": "19/03/2026",
    "EM": "19/03/2026",
    "PV": "",
    "EV": "",
    "PUMP": ""
  },
  {
    "Branch Code": 9638,
    "Store Name": "Orpington DTU",
    "Monday Opening Hours": "06:30 - 19:00",
    "Tuesday Opening Hours": "06:30 - 19:00",
    "Wednesday Opening Hours": "06:30 - 19:00",
    "Thursday Opening Hours": "06:30 - 19:00",
    "Friday Opening Hours": "06:30 - 19:00",
    "Saturday Opening Hours": "06:30 - 19:00",
    "Sunday Opening Hours": "08:30 - 18:00",
    "Area": "Central",
    "Area Client Experience Manager": "Cristiano Sobral",
    "Street": "Unit 7, Spring Vale Retail Park, Sevenoaks Way, Orpington",
    "County": "Greater London",
    "Postcode": "BR5 3SG",
    "Telephone": "01689 839644",
    "Email": "sbuxorpingtondtu@cobracoffee.co.uk",
    "Latitude": 51.397936,
    "Longitude": 0.114119,
    "SharePoint": "https://mostlane.sharepoint.com/Mostlane%20Shared%20Documents/Forms/AllItems.aspx?id=%2FMostlane%20Shared%20Documents%2FMostlane%20Construction%2FTSC%20Compliance%2FCOBRA%2F9638%20Orpington DTU",
    "5_Year": "10/02/2026",
    "PAT": "31/03/2026",
    "EM": "31/03/2026",
    "PV": "",
    "EV": "",
    "PUMP": ""
  },
  {
    "Branch Code": 9644,
    "Store Name": "Oxted",
    "Monday Opening Hours": "07:00 - 19:00",
    "Tuesday Opening Hours": "07:00 - 19:00",
    "Wednesday Opening Hours": "07:00 - 19:00",
    "Thursday Opening Hours": "07:00 - 19:00",
    "Friday Opening Hours": "07:00 - 19:00",
    "Saturday Opening Hours": "07:30 - 19:00",
    "Sunday Opening Hours": "08:00 - 18:00",
    "Area": "Central",
    "Area Client Experience Manager": "Cristiano Sobral",
    "Street": "63 - 65 Station Road East, Oxted",
    "County": "Surrey",
    "Postcode": "RH8 0AY",
    "Telephone": "01883 714026",
    "Email": "sbuxoxted@cobracoffee.co.uk",
    "Latitude": 51.257912,
    "Longitude": -0.003675,
    "SharePoint": "https://mostlane.sharepoint.com/Mostlane%20Shared%20Documents/Forms/AllItems.aspx?id=%2FMostlane%20Shared%20Documents%2FMostlane%20Construction%2FTSC%20Compliance%2FCOBRA%2F9644%20Oxted",
    "5_Year": "16/05/2028",
    "PAT": "06/03/2026",
    "EM": "06/03/2026",
    "PV": "",
    "EV": "",
    "PUMP": ""
  },
  {
    "Branch Code": 9619,
    "Store Name": "Reigate",
    "Monday Opening Hours": "07:00 - 20:00",
    "Tuesday Opening Hours": "07:00 - 20:00",
    "Wednesday Opening Hours": "07:00 - 20:00",
    "Thursday Opening Hours": "07:00 - 20:00",
    "Friday Opening Hours": "07:00 - 20:00",
    "Saturday Opening Hours": "08:00 - 19:00",
    "Sunday Opening Hours": "09:00 - 18:00",
    "Area": "Central",
    "Area Client Experience Manager": "Cristiano Sobral",
    "Street": "74 High St, Reigate",
    "County": "Surrey",
    "Postcode": "RH2 9AP",
    "Telephone": "01737 226788",
    "Email": "sbuxreigate@cobracoffee.co.uk",
    "Latitude": 51.23801,
    "Longitude": -0.209283,
    "SharePoint": "https://mostlane.sharepoint.com/Mostlane%20Shared%20Documents/Forms/AllItems.aspx?id=%2FMostlane%20Shared%20Documents%2FMostlane%20Construction%2FTSC%20Compliance%2FCOBRA%2F9619%20Reigate",
    "5_Year": "11/05/2028",
    "PAT": "07/03/2026",
    "EM": "07/03/2026",
    "PV": "",
    "EV": "",
    "PUMP": ""
  },
  {
    "Branch Code": 9643,
    "Store Name": "Sevenoaks ",
    "Monday Opening Hours": "07:00 - 18:00",
    "Tuesday Opening Hours": "07:00 - 18:00",
    "Wednesday Opening Hours": "07:00 - 18:00",
    "Thursday Opening Hours": "07:00 - 18:00",
    "Friday Opening Hours": "07:00 - 18:00",
    "Saturday Opening Hours": "07:00 - 18:00",
    "Sunday Opening Hours": "08:00 - 17:00",
    "Area": "Central",
    "Area Client Experience Manager": "Cristiano Sobral",
    "Street": "112 High street, Sevenoaks",
    "County": "Kent",
    "Postcode": "TN13 1UZ",
    "Telephone": "01732 459308",
    "Email": "sbuxsevenoaks@cobracoffee.co.uk",
    "Latitude": 51.27115,
    "Longitude": 0.19288,
    "SharePoint": "https://mostlane.sharepoint.com/Mostlane%20Shared%20Documents/Forms/AllItems.aspx?id=%2FMostlane%20Shared%20Documents%2FMostlane%20Construction%2FTSC%20Compliance%2FCOBRA%2F9643%20Sevenoaks ",
    "5_Year": "24/05/2028",
    "PAT": "28/02/2026",
    "EM": "28/02/2026",
    "PV": "",
    "EV": "",
    "PUMP": ""
  },
  {
    "Branch Code": 9647,
    "Store Name": "Sidcup High Street",
    "Monday Opening Hours": "07:00 - 18:00",
    "Tuesday Opening Hours": "07:00 - 18:00",
    "Wednesday Opening Hours": "07:00 - 18:00",
    "Thursday Opening Hours": "07:00 - 18:00",
    "Friday Opening Hours": "07:00 - 18:00",
    "Saturday Opening Hours": "07:30 - 18:00",
    "Sunday Opening Hours": "08:00 - 17:00",
    "Area": "Central",
    "Area Client Experience Manager": "Cristiano Sobral",
    "Street": "77A High Street, Sidcup",
    "County": "Greater London",
    "Postcode": "DA14 6DW",
    "Telephone": "02083 023166",
    "Email": "sbuxsidcup@cobracoffee.co.uk",
    "Latitude": 51.426489,
    "Longitude": 0.102101,
    "SharePoint": "https://mostlane.sharepoint.com/Mostlane%20Shared%20Documents/Forms/AllItems.aspx?id=%2FMostlane%20Shared%20Documents%2FMostlane%20Construction%2FTSC%20Compliance%2FCOBRA%2F9647%20Sidcup High Street",
    "5_Year": "12/06/2028",
    "PAT": "07/05/2026",
    "EM": "07/05/2026",
    "PV": "",
    "EV": "",
    "PUMP": ""
  },
  {
    "Branch Code": 9603,
    "Store Name": "Ashford ",
    "Monday Opening Hours": "07:00 - 18:00",
    "Tuesday Opening Hours": "07:00 - 18:00",
    "Wednesday Opening Hours": "07:00 - 18:00",
    "Thursday Opening Hours": "07:00 - 18:00",
    "Friday Opening Hours": "07:00 - 18:00",
    "Saturday Opening Hours": "07:00 - 18:00",
    "Sunday Opening Hours": "07:00 - 19:30",
    "Area": "East",
    "Area Client Experience Manager": "Elizabeth Bone",
    "Street": "89-91 High St, Ashford, Kent",
    "County": "Kent",
    "Postcode": "TN24 8SA",
    "Telephone": "01233 645124",
    "Email": "sbuxashford@cobracoffee.co.uk",
    "Latitude": 51.149328,
    "Longitude": 0.871344,
    "SharePoint": "https://mostlane.sharepoint.com/Mostlane%20Shared%20Documents/Forms/AllItems.aspx?id=%2FMostlane%20Shared%20Documents%2FMostlane%20Construction%2FTSC%20Compliance%2FCOBRA%2F9603%20Ashford ",
    "5_Year": "20/11/2029",
    "PAT": "28/03/2026",
    "EM": "28/03/2026",
    "PV": "",
    "EV": "",
    "PUMP": ""
  },
  {
    "Branch Code": 9616,
    "Store Name": "Canterbury",
    "Monday Opening Hours": "06:00 - 20:00",
    "Tuesday Opening Hours": "06:00 - 20:00",
    "Wednesday Opening Hours": "06:00 - 20:00",
    "Thursday Opening Hours": "06:00 - 20:00",
    "Friday Opening Hours": "06:00 - 20:00",
    "Saturday Opening Hours": "06:00 - 20:00",
    "Sunday Opening Hours": "09:00 - 17:00",
    "Area": "East",
    "Area Client Experience Manager": "Elizabeth Bone",
    "Street": "13 St George's St, Canterbury",
    "County": "Kent",
    "Postcode": "CT1 2JT",
    "Telephone": "01227 768185",
    "Email": "sbuxcanterbury@cobracoffee.co.uk",
    "Latitude": 51.278025,
    "Longitude": 1.082,
    "SharePoint": "https://mostlane.sharepoint.com/Mostlane%20Shared%20Documents/Forms/AllItems.aspx?id=%2FMostlane%20Shared%20Documents%2FMostlane%20Construction%2FTSC%20Compliance%2FCOBRA%2F9616%20Canterbury",
    "5_Year": "16/06/2028",
    "PAT": "25/03/2026",
    "EM": "25/03/2026",
    "PV": "",
    "EV": "",
    "PUMP": ""
  },
  {
    "Branch Code": 9637,
    "Store Name": "Canterbury Sturry Rd ",
    "Monday Opening Hours": "07:30 - 18:00",
    "Tuesday Opening Hours": "07:30 - 18:00",
    "Wednesday Opening Hours": "07:30 - 18:00",
    "Thursday Opening Hours": "07:30 - 18:00",
    "Friday Opening Hours": "07:30 - 18:00",
    "Saturday Opening Hours": "08:00 - 18:00",
    "Sunday Opening Hours": "09:00 - 17:00",
    "Area": "East",
    "Area Client Experience Manager": "Elizabeth Bone",
    "Street": "Sturry Rd, Canterbury,",
    "County": "Kent",
    "Postcode": "CT1 1FX",
    "Telephone": "",
    "Email": "sbuxcanterburysturryrd@cobracoffee.co.uk",
    "Latitude": 51.288381,
    "Longitude": 1.098587,
    "SharePoint": "https://mostlane.sharepoint.com/Mostlane%20Shared%20Documents/Forms/AllItems.aspx?id=%2FMostlane%20Shared%20Documents%2FMostlane%20Construction%2FTSC%20Compliance%2FCOBRA%2F9637%20Canterbury Sturry Rd ",
    "5_Year": "11/03/2029",
    "PAT": "05/03/2026",
    "EM": "05/03/2026",
    "PV": "",
    "EV": "",
    "PUMP": ""
  },
  {
    "Branch Code": 9615,
    "Store Name": "Folkestone",
    "Monday Opening Hours": "07:00 - 18:30",
    "Tuesday Opening Hours": "07:00 - 18:30",
    "Wednesday Opening Hours": "07:00 - 18:30",
    "Thursday Opening Hours": "07:00 - 18:30",
    "Friday Opening Hours": "07:00 - 18:30",
    "Saturday Opening Hours": "07:00 - 18:30",
    "Sunday Opening Hours": "07:30 - 20:00",
    "Area": "East",
    "Area Client Experience Manager": "Elizabeth Bone",
    "Street": "Unit RU11 Bouviere Place, Folkestone",
    "County": "Kent",
    "Postcode": "CT20 1AE",
    "Telephone": "01303 254901",
    "Email": "sbuxfolkestone@cobracoffee.co.uk",
    "Latitude": 51.079027,
    "Longitude": 1.177604,
    "SharePoint": "https://mostlane.sharepoint.com/Mostlane%20Shared%20Documents/Forms/AllItems.aspx?id=%2FMostlane%20Shared%20Documents%2FMostlane%20Construction%2FTSC%20Compliance%2FCOBRA%2F9615%20Folkestone",
    "5_Year": "22/07/2029",
    "PAT": "25/03/2026",
    "EM": "25/03/2026",
    "PV": "",
    "EV": "",
    "PUMP": ""
  },
  {
    "Branch Code": 9650,
    "Store Name": "Folkestone JS",
    "Monday Opening Hours": "06:30 - 19:00",
    "Tuesday Opening Hours": "24 Hours",
    "Wednesday Opening Hours": "24 Hours",
    "Thursday Opening Hours": "24 Hours",
    "Friday Opening Hours": "24 Hours",
    "Saturday Opening Hours": "24 Hours",
    "Sunday Opening Hours": "24 Hours",
    "Area": "East",
    "Area Client Experience Manager": "Elizabeth Bone",
    "Street": "Park Farm Retail Park, Park Farm Road, Folkestone",
    "County": "Hants",
    "Postcode": "CT19 5GA",
    "Telephone": "01303 254901",
    "Email": "sbuxfolkestonejs@cobracoffee.co.uk",
    "Latitude": 51.095089,
    "Longitude": 1.165791,
    "SharePoint": "https://mostlane.sharepoint.com/Mostlane%20Shared%20Documents/Forms/AllItems.aspx?id=%2FMostlane%20Shared%20Documents%2FMostlane%20Construction%2FTSC%20Compliance%2FCOBRA%2F9650%20Folkestone JS",
    "5_Year": "18/06/2028",
    "PAT": "27/03/2026",
    "EM": "27/03/2026",
    "PV": "",
    "EV": "",
    "PUMP": ""
  },
  {
    "Branch Code": 9602,
    "Store Name": "Isle of Sheppey",
    "Monday Opening Hours": "05:30 - 20:00",
    "Tuesday Opening Hours": "05:30 - 20:00",
    "Wednesday Opening Hours": "05:30 - 20:00",
    "Thursday Opening Hours": "05:30 - 20:00",
    "Friday Opening Hours": "05:30 - 20:00",
    "Saturday Opening Hours": "06:30 - 20:00",
    "Sunday Opening Hours": "08:00 - 19:00",
    "Area": "East",
    "Area Client Experience Manager": "James Bright",
    "Street": "Unit H5 Neats Court, Thomsett Way, Isle of Sheppey",
    "County": "Kent",
    "Postcode": "ME11 5JS",
    "Telephone": "01795 667297",
    "Email": "sbuxsheppeyDTU@cobracoffee.co.uk",
    "Latitude": 51.40714,
    "Longitude": 0.750408,
    "SharePoint": "https://mostlane.sharepoint.com/Mostlane%20Shared%20Documents/Forms/AllItems.aspx?id=%2FMostlane%20Shared%20Documents%2FMostlane%20Construction%2FTSC%20Compliance%2FCOBRA%2F9602%20Isle of Sheppey",
    "5_Year": "28/07/2027",
    "PAT": "28/03/2026",
    "EM": "28/03/2026",
    "PV": "",
    "EV": "",
    "PUMP": ""
  },
  {
    "Branch Code": 9607,
    "Store Name": "Maidstone",
    "Monday Opening Hours": "07:00 - 19:00",
    "Tuesday Opening Hours": "07:00 - 19:00",
    "Wednesday Opening Hours": "07:00 - 19:00",
    "Thursday Opening Hours": "07:00 - 19:00",
    "Friday Opening Hours": "07:00 - 19:00",
    "Saturday Opening Hours": "07:00 - 19:00",
    "Sunday Opening Hours": "09:00 - 17:00",
    "Area": "East",
    "Area Client Experience Manager": "James Bright",
    "Street": "8-9 Coleman Parade, King St, Maidstone",
    "County": "Kent",
    "Postcode": "ME14 1DJ",
    "Telephone": "01622 683851",
    "Email": "sbuxmaidstone@cobracoffee.co.uk",
    "Latitude": 51.27406,
    "Longitude": 0.523771,
    "SharePoint": "https://mostlane.sharepoint.com/Mostlane%20Shared%20Documents/Forms/AllItems.aspx?id=%2FMostlane%20Shared%20Documents%2FMostlane%20Construction%2FTSC%20Compliance%2FCOBRA%2F9607%20Maidstone",
    "5_Year": "13/12/2025",
    "PAT": "31/05/2026",
    "EM": "31/05/2026",
    "PV": "",
    "EV": "",
    "PUMP": ""
  },
  {
    "Branch Code": 9601,
    "Store Name": "Strood",
    "Monday Opening Hours": "07:00 - 19:00",
    "Tuesday Opening Hours": "07:00 - 19:00",
    "Wednesday Opening Hours": "07:00 - 19:00",
    "Thursday Opening Hours": "07:00 - 19:00",
    "Friday Opening Hours": "07:00 - 19:00",
    "Saturday Opening Hours": "07:00 - 19:00",
    "Sunday Opening Hours": "10:00 - 16:00",
    "Area": "East",
    "Area Client Experience Manager": "James Bright",
    "Street": "Unit C5, Strood Retail Park, Commercial Way, Rochester",
    "County": "Kent",
    "Postcode": "ME2 2AD",
    "Telephone": "01634 726749 ",
    "Email": "sbuxstrood@cobracoffee.co.uk",
    "Latitude": 51.394341,
    "Longitude": 0.49354,
    "SharePoint": "https://mostlane.sharepoint.com/Mostlane%20Shared%20Documents/Forms/AllItems.aspx?id=%2FMostlane%20Shared%20Documents%2FMostlane%20Construction%2FTSC%20Compliance%2FCOBRA%2F9601%20Strood",
    "5_Year": "27/07/2027",
    "PAT": "01/04/2026",
    "EM": "01/04/2026",
    "PV": "",
    "EV": "",
    "PUMP": ""
  },
  {
    "Branch Code": 9604,
    "Store Name": "Tonbridge",
    "Monday Opening Hours": "06:30 - 18:00",
    "Tuesday Opening Hours": "06:30 - 18:00",
    "Wednesday Opening Hours": "06:30 - 18:00",
    "Thursday Opening Hours": "06:30 - 18:00",
    "Friday Opening Hours": "06:30 - 18:00",
    "Saturday Opening Hours": "07:30 - 18:00",
    "Sunday Opening Hours": "08:00 - 17:30",
    "Area": "East",
    "Area Client Experience Manager": "James Bright",
    "Street": "82/82a High St, Tonbridge",
    "County": "Kent",
    "Postcode": "TN9 1EE",
    "Telephone": "01732 359955",
    "Email": "sbuxtonbridge@cobracoffee.co.uk",
    "Latitude": 51.194475,
    "Longitude": 0.273728,
    "SharePoint": "https://mostlane.sharepoint.com/Mostlane%20Shared%20Documents/Forms/AllItems.aspx?id=%2FMostlane%20Shared%20Documents%2FMostlane%20Construction%2FTSC%20Compliance%2FCOBRA%2F9604%20Tonbridge",
    "5_Year": "04/03/2029",
    "PAT": "03/03/2026",
    "EM": "03/03/2026",
    "PV": "",
    "EV": "",
    "PUMP": ""
  },
  {
    "Branch Code": 9608,
    "Store Name": "Tunbridge Wells",
    "Monday Opening Hours": "07:00 - 20:00",
    "Tuesday Opening Hours": "07:00 - 20:00",
    "Wednesday Opening Hours": "07:00 - 20:00",
    "Thursday Opening Hours": "07:00 - 20:00",
    "Friday Opening Hours": "07:00 - 20:00",
    "Saturday Opening Hours": "07:00 - 19:00",
    "Sunday Opening Hours": "09:00 - 18:00",
    "Area": "East",
    "Area Client Experience Manager": "James Bright",
    "Street": "85 Mount Pleasant Rd, Tunbridge Wells",
    "County": "Kent",
    "Postcode": "TN1 1PX",
    "Telephone": "01892 522644",
    "Email": "sbuxtunbridgewells@cobracoffee.co.uk",
    "Latitude": 51.132941,
    "Longitude": 0.263113,
    "SharePoint": "https://mostlane.sharepoint.com/Mostlane%20Shared%20Documents/Forms/AllItems.aspx?id=%2FMostlane%20Shared%20Documents%2FMostlane%20Construction%2FTSC%20Compliance%2FCOBRA%2F9608%20Tunbridge Wells",
    "5_Year": "03/01/2029",
    "PAT": "05/03/2026",
    "EM": "05/03/2026",
    "PV": "",
    "EV": "",
    "PUMP": ""
  },
  {
    "Branch Code": 9618,
    "Store Name": "Tunbridge Wells Great Lodge",
    "Monday Opening Hours": "08:00 - 17:00",
    "Tuesday Opening Hours": "08:00 - 17:00",
    "Wednesday Opening Hours": "08:00 - 17:00",
    "Thursday Opening Hours": "08:00 - 17:00",
    "Friday Opening Hours": "08:00 - 17:00",
    "Saturday Opening Hours": "08:00 - 17:00",
    "Sunday Opening Hours": "09:00 - 17:00",
    "Area": "East",
    "Area Client Experience Manager": "James Bright",
    "Street": "Unit D2, Great Lodge Retail Park, Longfield Rd, Tunbridge Wells",
    "County": "Kent",
    "Postcode": "TN2 3EW",
    "Telephone": "01892 549985",
    "Email": "sbuxtunbridgewellsglp@cobracoffee.co.uk",
    "Latitude": 51.157759,
    "Longitude": 0.292874,
    "SharePoint": "https://mostlane.sharepoint.com/Mostlane%20Shared%20Documents/Forms/AllItems.aspx?id=%2FMostlane%20Shared%20Documents%2FMostlane%20Construction%2FTSC%20Compliance%2FCOBRA%2F9618%20Tunbridge Wells Great Lodge",
    "5_Year": "05/01/2029",
    "PAT": "03/03/2026",
    "EM": "03/03/2026",
    "PV": "",
    "EV": "",
    "PUMP": ""
  },
  {
    "Branch Code": 9621,
    "Store Name": "Westwood Cross DTU  ",
    "Monday Opening Hours": "06:30 - 19:00",
    "Tuesday Opening Hours": "06:30 - 19:00",
    "Wednesday Opening Hours": "06:30 - 19:00",
    "Thursday Opening Hours": "06:30 - 19:00",
    "Friday Opening Hours": "06:30 - 19:00",
    "Saturday Opening Hours": "07:00 - 19:00",
    "Sunday Opening Hours": "07:30 - 18:00",
    "Area": "East",
    "Area Client Experience Manager": "Elizabeth Bone",
    "Street": "New Cross Rd, Westwood, Broadstairs",
    "County": "Kent",
    "Postcode": "CT10 2QG",
    "Telephone": "01843 600406",
    "Email": "sbuxwestwoodcrossdtu@cobracoffee.co.uk",
    "Latitude": 51.357585,
    "Longitude": 1.396647,
    "SharePoint": "https://mostlane.sharepoint.com/Mostlane%20Shared%20Documents/Forms/AllItems.aspx?id=%2FMostlane%20Shared%20Documents%2FMostlane%20Construction%2FTSC%20Compliance%2FCOBRA%2F9621%20Westwood Cross DTU  ",
    "5_Year": "17/06/2028",
    "PAT": "27/03/2026",
    "EM": "27/03/2026",
    "PV": "",
    "EV": "",
    "PUMP": ""
  },
  {
    "Branch Code": 9699,
    "Store Name": "Whitstable",
    "Monday Opening Hours": "06:30 - 19:00",
    "Tuesday Opening Hours": "06:30 - 19:00",
    "Wednesday Opening Hours": "06:30 - 19:00",
    "Thursday Opening Hours": "06:30 - 19:00",
    "Friday Opening Hours": "06:30 - 19:00",
    "Saturday Opening Hours": "06:30 - 19:00",
    "Sunday Opening Hours": "07:30 - 19:00",
    "Area": "East",
    "Area Client Experience Manager": "Elizabeth Bone",
    "Street": "Old Thanet Way, Whitstable",
    "County": "",
    "Postcode": "CT5 3DA",
    "Telephone": "",
    "Email": "",
    "Latitude": 51.342174,
    "Longitude": 1.017457,
    "SharePoint": "https://mostlane.sharepoint.com/Mostlane%20Shared%20Documents/Forms/AllItems.aspx?id=%2FMostlane%20Shared%20Documents%2FMostlane%20Construction%2FTSC%20Compliance%2FCOBRA%2F9699%20Whitstable",
    "5_Year": "30/09/2029",
    "PAT": "07/05/2026",
    "EM": "07/05/2026",
    "PV": "",
    "EV": "",
    "PUMP": ""
  },
  {
    "Branch Code": 9659,
    "Store Name": "Egham",
    "Monday Opening Hours": "07:00 - 18:30",
    "Tuesday Opening Hours": "07:00 - 18:30",
    "Wednesday Opening Hours": "07:00 - 18:30",
    "Thursday Opening Hours": "07:00 - 18:30",
    "Friday Opening Hours": "07:00 - 18:30",
    "Saturday Opening Hours": "07:30 - 19:00",
    "Sunday Opening Hours": "08:00 - 18:00",
    "Area": "North",
    "Area Client Experience Manager": "Ben Moore",
    "Street": "10 Station Road North, Magna Square, Church Road, Egham",
    "County": "Surrey",
    "Postcode": "TW20 9LE",
    "Telephone": "",
    "Email": "sbuxegham@cobracoffee.co.uk",
    "Latitude": 51.431309,
    "Longitude": -0.548743,
    "SharePoint": "https://mostlane.sharepoint.com/Mostlane%20Shared%20Documents/Forms/AllItems.aspx?id=%2FMostlane%20Shared%20Documents%2FMostlane%20Construction%2FTSC%20Compliance%2FCOBRA%2F9659%20Egham",
    "5_Year": "06/04/2028",
    "PAT": "11/04/2026",
    "EM": "11/04/2026",
    "PV": "",
    "EV": "",
    "PUMP": ""
  },
  {
    "Branch Code": 9645,
    "Store Name": "High Wycombe",
    "Monday Opening Hours": "07:00 - 19:00",
    "Tuesday Opening Hours": "07:00 - 19:00",
    "Wednesday Opening Hours": "07:00 - 19:00",
    "Thursday Opening Hours": "07:00 - 19:00",
    "Friday Opening Hours": "07:00 - 19:00",
    "Saturday Opening Hours": "07:00 - 19:00",
    "Sunday Opening Hours": "08:00 - 17:00",
    "Area": "North",
    "Area Client Experience Manager": "Ben Moore",
    "Street": "300 London rd, High Wycombe, ",
    "County": "Buckinghamshire",
    "Postcode": "HP11 1LJ",
    "Telephone": "01494 438101",
    "Email": "sbuxhighwycombe@cobracoffee.co.uk",
    "Latitude": 51.622326,
    "Longitude": -0.72814,
    "SharePoint": "https://mostlane.sharepoint.com/Mostlane%20Shared%20Documents/Forms/AllItems.aspx?id=%2FMostlane%20Shared%20Documents%2FMostlane%20Construction%2FTSC%20Compliance%2FCOBRA%2F9645%20High Wycombe",
    "5_Year": "12/06/2028",
    "PAT": "02/04/2026",
    "EM": "02/04/2026",
    "PV": "",
    "EV": "",
    "PUMP": ""
  },
  {
    "Branch Code": 9646,
    "Store Name": "New Malden",
    "Monday Opening Hours": "07:00 - 19:00",
    "Tuesday Opening Hours": "07:00 - 19:00",
    "Wednesday Opening Hours": "07:00 - 19:00",
    "Thursday Opening Hours": "07:00 - 19:00",
    "Friday Opening Hours": "07:00 - 19:00",
    "Saturday Opening Hours": "07:00 - 19:00",
    "Sunday Opening Hours": "08:00 - 18:00",
    "Area": "North",
    "Area Client Experience Manager": "Ben Moore",
    "Street": "125/129 High St, New Malden",
    "County": "Greater London",
    "Postcode": "KT3 4BH",
    "Telephone": "02089 423135",
    "Email": "sbuxnewmalden@cobracoffee.co.uk",
    "Latitude": 51.399503,
    "Longitude": -0.255875,
    "SharePoint": "https://mostlane.sharepoint.com/Mostlane%20Shared%20Documents/Forms/AllItems.aspx?id=%2FMostlane%20Shared%20Documents%2FMostlane%20Construction%2FTSC%20Compliance%2FCOBRA%2F9646%20New Malden",
    "5_Year": "14/06/2028",
    "PAT": "10/04/2026",
    "EM": "10/04/2026",
    "PV": "",
    "EV": "",
    "PUMP": ""
  },
  {
    "Branch Code": 9642,
    "Store Name": "Rickmansworth",
    "Monday Opening Hours": "08:00 - 18:00",
    "Tuesday Opening Hours": "08:00 - 18:00",
    "Wednesday Opening Hours": "08:00 - 18:00",
    "Thursday Opening Hours": "08:00 - 18:00",
    "Friday Opening Hours": "08:00 - 18:00",
    "Saturday Opening Hours": "08:00 - 18:00",
    "Sunday Opening Hours": "09:00 - 17:00",
    "Area": "North",
    "Area Client Experience Manager": "Ben Moore",
    "Street": "145-147 High Street Rickmansworth ",
    "County": "Hertfordshire",
    "Postcode": "WD3 1AR",
    "Telephone": "01923 770306",
    "Email": "sbuxrickmansworth@cobracoffee.co.uk",
    "Latitude": 51.63898,
    "Longitude": -0.471165,
    "SharePoint": "https://mostlane.sharepoint.com/Mostlane%20Shared%20Documents/Forms/AllItems.aspx?id=%2FMostlane%20Shared%20Documents%2FMostlane%20Construction%2FTSC%20Compliance%2FCOBRA%2F9642%20Rickmansworth",
    "5_Year": "13/06/2028",
    "PAT": "10/04/2026",
    "EM": "10/04/2026",
    "PV": "",
    "EV": "",
    "PUMP": ""
  },
  {
    "Branch Code": 9660,
    "Store Name": "Watford, Woodside Leisure Park",
    "Monday Opening Hours": "08:00 - 18:00",
    "Tuesday Opening Hours": "08:00 - 18:00",
    "Wednesday Opening Hours": "08:00 - 18:00",
    "Thursday Opening Hours": "08:00 - 18:00",
    "Friday Opening Hours": "08:00 - 18:00",
    "Saturday Opening Hours": "08:00 - 19:00",
    "Sunday Opening Hours": "09:00 - 18:00",
    "Area": "North",
    "Area Client Experience Manager": "Ben Moore",
    "Street": "Kingsway North Orbital Road",
    "County": "Watford",
    "Postcode": "WD25 7JZ",
    "Telephone": "",
    "Email": "",
    "Latitude": 51.692209,
    "Longitude": -0.394598,
    "SharePoint": "https://mostlane.sharepoint.com/Mostlane%20Shared%20Documents/Forms/AllItems.aspx?id=%2FMostlane%20Shared%20Documents%2FMostlane%20Construction%2FTSC%20Compliance%2FCOBRA%2F9660%20Watford, Woodside Leisure Park",
    "5_Year": "15/06/2029",
    "PAT": "08/05/2026",
    "EM": "08/05/2026",
    "PV": "",
    "EV": "",
    "PUMP": ""
  },
  {
    "Branch Code": 9661,
    "Store Name": "Wimbledon",
    "Monday Opening Hours": "05:30 - 20:00",
    "Tuesday Opening Hours": "05:30 - 20:00",
    "Wednesday Opening Hours": "05:30 - 20:00",
    "Thursday Opening Hours": "05:30 - 20:00",
    "Friday Opening Hours": "05:30 - 20:00",
    "Saturday Opening Hours": "05:30 - 20:00",
    "Sunday Opening Hours": "05:30 - 20:00",
    "Area": "North",
    "Area Client Experience Manager": "Ben Moore",
    "Street": "Unit A, Plough Lane Retail Park, Plough Lane, Wimbledon",
    "County": "Greater London",
    "Postcode": "SW17 0BH",
    "Telephone": "",
    "Email": "sbuxwimbledon@cobracoffee.co.uk",
    "Latitude": 51.4307,
    "Longitude": -0.186022,
    "SharePoint": "https://mostlane.sharepoint.com/Mostlane%20Shared%20Documents/Forms/AllItems.aspx?id=%2FMostlane%20Shared%20Documents%2FMostlane%20Construction%2FTSC%20Compliance%2FCOBRA%2F9661%20Wimbledon",
    "5_Year": "18/04/2028",
    "PAT": "11/04/2026",
    "EM": "11/04/2026",
    "PV": "",
    "EV": "",
    "PUMP": ""
  },
  {
    "Branch Code": 9629,
    "Store Name": "Wokingham",
    "Monday Opening Hours": "07:00 - 18:00",
    "Tuesday Opening Hours": "07:00 - 18:00",
    "Wednesday Opening Hours": "07:00 - 18:00",
    "Thursday Opening Hours": "07:00 - 18:00",
    "Friday Opening Hours": "07:00 - 18:00",
    "Saturday Opening Hours": "07:00 - 18:00",
    "Sunday Opening Hours": "08:00 - 18:00",
    "Area": "North",
    "Area Client Experience Manager": "Ben Moore",
    "Street": "Unit 7A Elms Walk, Wokingham",
    "County": "Berkshire",
    "Postcode": "RG40 2FE ",
    "Telephone": "01182 143999",
    "Email": "sbuxwokingham@cobracoffee.co.uk",
    "Latitude": 51.408885,
    "Longitude": -0.836819,
    "SharePoint": "https://mostlane.sharepoint.com/Mostlane%20Shared%20Documents/Forms/AllItems.aspx?id=%2FMostlane%20Shared%20Documents%2FMostlane%20Construction%2FTSC%20Compliance%2FCOBRA%2F9629%20Wokingham",
    "5_Year": "08/09/2030",
    "PAT": "02/05/2026",
    "EM": "02/05/2026",
    "PV": "",
    "EV": "",
    "PUMP": ""
  },
  {
    "Branch Code": 9633,
    "Store Name": "Worcester Park",
    "Monday Opening Hours": "07:00 - 19:00",
    "Tuesday Opening Hours": "07:00 - 19:00",
    "Wednesday Opening Hours": "07:00 - 19:00",
    "Thursday Opening Hours": "07:00 - 19:00",
    "Friday Opening Hours": "07:00 - 19:00",
    "Saturday Opening Hours": "07:00 - 19:00",
    "Sunday Opening Hours": "08:00 - 18:00",
    "Area": "North",
    "Area Client Experience Manager": "Ben Moore",
    "Street": "170/172 Central Road, Worcester park",
    "County": "Surrey",
    "Postcode": "KT4 8HQ",
    "Telephone": "02083 374255",
    "Email": "sbuxworcesterpark@cobracoffee.co.uk",
    "Latitude": 51.379886,
    "Longitude": -0.243572,
    "SharePoint": "https://mostlane.sharepoint.com/Mostlane%20Shared%20Documents/Forms/AllItems.aspx?id=%2FMostlane%20Shared%20Documents%2FMostlane%20Construction%2FTSC%20Compliance%2FCOBRA%2F9633%20Worcester Park",
    "5_Year": "15/06/2028",
    "PAT": "02/05/2026",
    "EM": "02/05/2026",
    "PV": "",
    "EV": "",
    "PUMP": ""
  },
  {
    "Branch Code": 9655,
    "Store Name": "Brighton London Road",
    "Monday Opening Hours": "07:00 - 19:00",
    "Tuesday Opening Hours": "07:00 - 19:00",
    "Wednesday Opening Hours": "07:00 - 19:00",
    "Thursday Opening Hours": "07:00 - 19:00",
    "Friday Opening Hours": "07:00 - 19:00",
    "Saturday Opening Hours": "07:00 - 19:00",
    "Sunday Opening Hours": "08:00 - 18:00",
    "Area": "South",
    "Area Client Experience Manager": "Enrico Cantoni",
    "Street": "Unit 2b 119/123 London Road, Brighton",
    "County": "East Sussex",
    "Postcode": "BN1 4JG",
    "Telephone": "01273 671061",
    "Email": "sbuxbrightonlondonrd@cobracoffee.co.uk",
    "Latitude": 50.831273,
    "Longitude": -0.136206,
    "SharePoint": "https://mostlane.sharepoint.com/Mostlane%20Shared%20Documents/Forms/AllItems.aspx?id=%2FMostlane%20Shared%20Documents%2FMostlane%20Construction%2FTSC%20Compliance%2FCOBRA%2F9655%20Brighton London Road",
    "5_Year": "14/03/2028",
    "PAT": "24/02/2026",
    "EM": "24/02/2026",
    "PV": "",
    "EV": "",
    "PUMP": ""
  },
  {
    "Branch Code": 9613,
    "Store Name": "Brighton North Road",
    "Monday Opening Hours": "07:00 - 20:00",
    "Tuesday Opening Hours": "07:00 - 20:00",
    "Wednesday Opening Hours": "07:00 - 20:00",
    "Thursday Opening Hours": "07:00 - 20:00",
    "Friday Opening Hours": "07:00 - 20:00",
    "Saturday Opening Hours": "07:00 - 20:00",
    "Sunday Opening Hours": "08:30 - 18:00",
    "Area": "South",
    "Area Client Experience Manager": "Enrico Cantoni",
    "Street": "Jubilee St, Brighton",
    "County": "East Sussex",
    "Postcode": "BN1 1GE",
    "Telephone": "01273 623739",
    "Email": "sbuxbrightonnorthrd@cobracoffee.co.uk",
    "Latitude": 50.824983,
    "Longitude": -0.138814,
    "SharePoint": "https://mostlane.sharepoint.com/Mostlane%20Shared%20Documents/Forms/AllItems.aspx?id=%2FMostlane%20Shared%20Documents%2FMostlane%20Construction%2FTSC%20Compliance%2FCOBRA%2F9613%20Brighton North Road",
    "5_Year": "18/04/2028",
    "PAT": "24/02/2026",
    "EM": "24/02/2026",
    "PV": "",
    "EV": "",
    "PUMP": ""
  },
  {
    "Branch Code": 9612,
    "Store Name": "Brighton St James",
    "Monday Opening Hours": "06:00 - 19:30",
    "Tuesday Opening Hours": "06:00 - 19:30",
    "Wednesday Opening Hours": "06:00 - 19:30",
    "Thursday Opening Hours": "06:00 - 19:30",
    "Friday Opening Hours": "06:00 - 19:30",
    "Saturday Opening Hours": "06:30 - 19:00",
    "Sunday Opening Hours": "07:00 - 19:00",
    "Area": "South",
    "Area Client Experience Manager": "Enrico Cantoni",
    "Street": "25-26 St James St, Brighton",
    "County": "East Sussex",
    "Postcode": "BN2 1RF",
    "Telephone": "01273 601590",
    "Email": "sbuxbrightonstjames@cobracoffee.co.uk",
    "Latitude": 50.820987,
    "Longitude": -0.134145,
    "SharePoint": "https://mostlane.sharepoint.com/Mostlane%20Shared%20Documents/Forms/AllItems.aspx?id=%2FMostlane%20Shared%20Documents%2FMostlane%20Construction%2FTSC%20Compliance%2FCOBRA%2F9612%20Brighton St James",
    "5_Year": "10/05/2028",
    "PAT": "25/02/2026",
    "EM": "25/02/2026",
    "PV": "",
    "EV": "",
    "PUMP": ""
  },
  {
    "Branch Code": 9611,
    "Store Name": "Brighton Western Road",
    "Monday Opening Hours": "06:00 - 23:00",
    "Tuesday Opening Hours": "06:00 - 23:00",
    "Wednesday Opening Hours": "06:00 - 23:00",
    "Thursday Opening Hours": "06:00 - 23:00",
    "Friday Opening Hours": "06:00 - 23:00",
    "Saturday Opening Hours": "06:00 - 23:00",
    "Sunday Opening Hours": "08:30 - 18:00",
    "Area": "South",
    "Area Client Experience Manager": "Enrico Cantoni",
    "Street": "201 Western Rd, Brighton",
    "County": "East Sussex",
    "Postcode": "BN1 2BA",
    "Telephone": "01273 324097",
    "Email": "sbuxbrightonwesternrd@cobracoffee.co.uk",
    "Latitude": 50.824083,
    "Longitude": -0.146133,
    "SharePoint": "https://mostlane.sharepoint.com/Mostlane%20Shared%20Documents/Forms/AllItems.aspx?id=%2FMostlane%20Shared%20Documents%2FMostlane%20Construction%2FTSC%20Compliance%2FCOBRA%2F9611%20Brighton Western Road",
    "5_Year": "12/03/2030",
    "PAT": "25/02/2026",
    "EM": "25/02/2026",
    "PV": "",
    "EV": "",
    "PUMP": ""
  },
  {
    "Branch Code": 9610,
    "Store Name": "Eastbourne",
    "Monday Opening Hours": "06:00 - 20:00",
    "Tuesday Opening Hours": "06:00 - 20:00",
    "Wednesday Opening Hours": "06:00 - 20:00",
    "Thursday Opening Hours": "06:00 - 20:00",
    "Friday Opening Hours": "06:00 - 20:00",
    "Saturday Opening Hours": "06:00 - 20:00",
    "Sunday Opening Hours": "08:00 - 18:00",
    "Area": "South",
    "Area Client Experience Manager": "Enrico Cantoni",
    "Street": "Unit 8c, 55 Terminus Rd, Eastbourne",
    "County": "East Sussex",
    "Postcode": "BN21 3NW",
    "Telephone": "01323 749210",
    "Email": "sbuxeastbourne@cobracoffee.co.uk",
    "Latitude": 50.769278,
    "Longitude": 0.284661,
    "SharePoint": "https://mostlane.sharepoint.com/Mostlane%20Shared%20Documents/Forms/AllItems.aspx?id=%2FMostlane%20Shared%20Documents%2FMostlane%20Construction%2FTSC%20Compliance%2FCOBRA%2F9610%20Eastbourne",
    "5_Year": "01/12/2026",
    "PAT": "03/04/2026",
    "EM": "03/04/2026",
    "PV": "",
    "EV": "",
    "PUMP": ""
  },
  {
    "Branch Code": 9614,
    "Store Name": "Hove",
    "Monday Opening Hours": "06:00 - 19:00",
    "Tuesday Opening Hours": "06:00 - 19:00",
    "Wednesday Opening Hours": "06:00 - 19:00",
    "Thursday Opening Hours": "06:00 - 19:00",
    "Friday Opening Hours": "06:00 - 19:00",
    "Saturday Opening Hours": "06:00 - 19:00",
    "Sunday Opening Hours": "08:00 - 18:00",
    "Area": "South",
    "Area Client Experience Manager": "Enrico Cantoni",
    "Street": "50-51 Western Rd, Hove",
    "County": "East Sussex",
    "Postcode": "BN3 1JD",
    "Telephone": "01273 823712 ",
    "Email": "sbuxhove@cobracoffee.co.uk",
    "Latitude": 50.825837,
    "Longitude": -0.16093,
    "SharePoint": "https://mostlane.sharepoint.com/Mostlane%20Shared%20Documents/Forms/AllItems.aspx?id=%2FMostlane%20Shared%20Documents%2FMostlane%20Construction%2FTSC%20Compliance%2FCOBRA%2F9614%20Hove",
    "5_Year": "11/12/2029",
    "PAT": "28/02/2026",
    "EM": "28/02/2026",
    "PV": "",
    "EV": "",
    "PUMP": "",
    "Last_Updated": "2025-10-21T12:58:26.883Z"
  },
  {
    "Branch Code": 9658,
    "Store Name": "Lewes",
    "Monday Opening Hours": "07:00 - 19:00",
    "Tuesday Opening Hours": "07:00 - 19:00",
    "Wednesday Opening Hours": "07:00 - 19:00",
    "Thursday Opening Hours": "07:00 - 19:00",
    "Friday Opening Hours": "07:00 - 19:00",
    "Saturday Opening Hours": "07:30 - 19:00",
    "Sunday Opening Hours": "08:00 - 18:00",
    "Area": "South",
    "Area Client Experience Manager": "Enrico Cantoni",
    "Street": "A27, Old Brighton Road, Lewes",
    "County": "East Sussex",
    "Postcode": "BN7 3JJ",
    "Telephone": "01273 747931",
    "Email": "sbuxLewes@cobracoffee.co.uk",
    "Latitude": 50.864715,
    "Longitude": -0.043041,
    "SharePoint": "https://mostlane.sharepoint.com/Mostlane%20Shared%20Documents/Forms/AllItems.aspx?id=%2FMostlane%20Shared%20Documents%2FMostlane%20Construction%2FTSC%20Compliance%2FCOBRA%2F9658%20Lewes",
    "5_Year": "12/05/2028",
    "PAT": "17/04/2026",
    "EM": "17/04/2026",
    "PV": "",
    "EV": "",
    "PUMP": ""
  },
  {
    "Branch Code": 9609,
    "Store Name": "Worthing, Broadwater",
    "Monday Opening Hours": "07:00 - 19:00",
    "Tuesday Opening Hours": "07:00 - 19:00",
    "Wednesday Opening Hours": "07:00 - 19:00",
    "Thursday Opening Hours": "07:00 - 19:00",
    "Friday Opening Hours": "07:00 - 19:00",
    "Saturday Opening Hours": "07:00 - 19:00",
    "Sunday Opening Hours": "08:00 - 18:00",
    "Area": "South",
    "Area Client Experience Manager": "Enrico Cantoni",
    "Street": "47-49 Broadwater St, Worthing",
    "County": "West Sussex",
    "Postcode": "BN14 9BY",
    "Telephone": "01903 206130",
    "Email": "sbuxworthingbroadwater@cobracoffee.co.uk",
    "Latitude": 50.828813,
    "Longitude": -0.375404,
    "SharePoint": "https://mostlane.sharepoint.com/Mostlane%20Shared%20Documents/Forms/AllItems.aspx?id=%2FMostlane%20Shared%20Documents%2FMostlane%20Construction%2FTSC%20Compliance%2FCOBRA%2F9609%20Worthing, Broadwater",
    "5_Year": "10/12/2029",
    "PAT": "12/05/2026",
    "EM": "12/05/2026",
    "PV": "",
    "EV": "",
    "PUMP": ""
  },
  {
    "Branch Code": 9606,
    "Store Name": "Worthing, South Street ",
    "Monday Opening Hours": "07:00 - 19:00",
    "Tuesday Opening Hours": "07:00 - 19:00",
    "Wednesday Opening Hours": "07:00 - 19:00",
    "Thursday Opening Hours": "07:00 - 19:00",
    "Friday Opening Hours": "07:00 - 19:00",
    "Saturday Opening Hours": "07:00 - 19:00",
    "Sunday Opening Hours": "08:30 - 17:30",
    "Area": "South",
    "Area Client Experience Manager": "Enrico Cantoni",
    "Street": "22-26 South St, Worthing",
    "County": "West Sussex",
    "Postcode": "BN11 3AA",
    "Telephone": "01903 231311",
    "Email": "sbuxworthingsouthst@cobracoffee.co.uk",
    "Latitude": 50.810836,
    "Longitude": -0.369684,
    "SharePoint": "https://mostlane.sharepoint.com/Mostlane%20Shared%20Documents/Forms/AllItems.aspx?id=%2FMostlane%20Shared%20Documents%2FMostlane%20Construction%2FTSC%20Compliance%2FCOBRA%2F9606%20Worthing, South Street ",
    "5_Year": "18/12/2029",
    "PAT": "03/04/2026",
    "EM": "03/04/2026",
    "PV": "",
    "EV": "",
    "PUMP": ""
  },
  {
    "Branch Code": 9662,
    "Store Name": "Alton JS",
    "Monday Opening Hours": "07:00 - 18:00",
    "Tuesday Opening Hours": "07:00 - 18:00",
    "Wednesday Opening Hours": "07:00 - 18:00",
    "Thursday Opening Hours": "07:00 - 18:00",
    "Friday Opening Hours": "07:00 - 18:00",
    "Saturday Opening Hours": "07:00 - 18:00",
    "Sunday Opening Hours": "10:00 - 16:00",
    "Area": "South Central",
    "Area Client Experience Manager": "Steve Attika",
    "Street": "Sainsburys, Draymans Way, Alton",
    "County": "Hampshire",
    "Postcode": "GU34 1SS",
    "Telephone": "01420 542817",
    "Email": "sbuxaltonjs@cobracoffee.co.uk",
    "Latitude": 51.146929,
    "Longitude": -0.975102,
    "SharePoint": "https://mostlane.sharepoint.com/Mostlane%20Shared%20Documents/Forms/AllItems.aspx?id=%2FMostlane%20Shared%20Documents%2FMostlane%20Construction%2FTSC%20Compliance%2FCOBRA%2F9662%20Alton JS",
    "5_Year": "23/06/2028",
    "PAT": "04/04/2026",
    "EM": "04/04/2026",
    "PV": "",
    "EV": "",
    "PUMP": ""
  },
  {
    "Branch Code": 9675,
    "Store Name": "Bognor DTU",
    "Monday Opening Hours": "06:30 - 19:00",
    "Tuesday Opening Hours": "06:30 - 19:00",
    "Wednesday Opening Hours": "06:30 - 19:00",
    "Thursday Opening Hours": "06:30 - 19:00",
    "Friday Opening Hours": "06:30 - 19:00",
    "Saturday Opening Hours": "06:30 - 19:00",
    "Sunday Opening Hours": "08:00 - 18:00",
    "Area": "South Central",
    "Area Client Experience Manager": "Enrico Cantoni",
    "Street": "Salt Box, Shripney Rd, Bognor Regis",
    "County": "West Sussex",
    "Postcode": "PO22 9FP",
    "Telephone": "01243 869816",
    "Email": "sbuxbognorDTU@cobracoffee.co.uk",
    "Latitude": 50.806552,
    "Longitude": -0.667829,
    "SharePoint": "https://mostlane.sharepoint.com/Mostlane%20Shared%20Documents/Forms/AllItems.aspx?id=%2FMostlane%20Shared%20Documents%2FMostlane%20Construction%2FTSC%20Compliance%2FCOBRA%2F9675%20Bognor DTU",
    "5_Year": "19/08/2026",
    "PAT": "19/03/2026",
    "EM": "19/03/2026",
    "PV": "",
    "EV": "",
    "PUMP": ""
  },
  {
    "Branch Code": 9628,
    "Store Name": "Bournemouth Castle Point ",
    "Monday Opening Hours": "07:00 - 18:00",
    "Tuesday Opening Hours": "07:00 - 18:00",
    "Wednesday Opening Hours": "07:00 - 18:00",
    "Thursday Opening Hours": "07:00 - 18:00",
    "Friday Opening Hours": "07:00 - 18:00",
    "Saturday Opening Hours": "08:00 - 18:00",
    "Sunday Opening Hours": "08:00 - 18:00",
    "Area": "South Central",
    "Area Client Experience Manager": "Steve Attika",
    "Street": "Unit 8A Eastmall, Castle Point, Castle Lane West, Bournemouth",
    "County": "Dorset",
    "Postcode": "BH8 9UW",
    "Telephone": "01202 526959",
    "Email": "sbuxbournemouthcastlepoint@cobracoffee.co.uk",
    "Latitude": 50.752129,
    "Longitude": -1.844649,
    "SharePoint": "https://mostlane.sharepoint.com/Mostlane%20Shared%20Documents/Forms/AllItems.aspx?id=%2FMostlane%20Shared%20Documents%2FMostlane%20Construction%2FTSC%20Compliance%2FCOBRA%2F9628%20Bournemouth Castle Point ",
    "5_Year": "24/03/2028",
    "PAT": "15/04/2026",
    "EM": "15/04/2026",
    "PV": "",
    "EV": "",
    "PUMP": ""
  },
  {
    "Branch Code": 9677,
    "Store Name": "Bournemouth Ringwood Road",
    "Monday Opening Hours": "07:30 - 18:30",
    "Tuesday Opening Hours": "07:30 - 18:30",
    "Wednesday Opening Hours": "07:30 - 18:30",
    "Thursday Opening Hours": "07:30 - 18:30",
    "Friday Opening Hours": "07:30 - 18:30",
    "Saturday Opening Hours": "07:30 - 18:30",
    "Sunday Opening Hours": "09:00 - 18:00",
    "Area": "South Central",
    "Area Client Experience Manager": "Steve Attika",
    "Street": "905 Ringwood Road, Bournemouth",
    "County": "Dorset",
    "Postcode": "BH11 8LL",
    "Telephone": "01202 918404",
    "Email": "sbuxbournemouthringwoodrd@cobracoffee.co.uk",
    "Latitude": 50.755302,
    "Longitude": -1.927768,
    "SharePoint": "https://mostlane.sharepoint.com/Mostlane%20Shared%20Documents/Forms/AllItems.aspx?id=%2FMostlane%20Shared%20Documents%2FMostlane%20Construction%2FTSC%20Compliance%2FCOBRA%2F9677%20Bournemouth Ringwood Road",
    "5_Year": "*15/04/2030",
    "PAT": "15/04/2026",
    "EM": "15/04/2026",
    "PV": "",
    "EV": "",
    "PUMP": ""
  },
  {
    "Branch Code": 9694,
    "Store Name": "East Filton JS",
    "Monday Opening Hours": "07:00 - 18:00",
    "Tuesday Opening Hours": "07:00 - 18:00",
    "Wednesday Opening Hours": "07:00 - 18:00",
    "Thursday Opening Hours": "07:00 - 18:00",
    "Friday Opening Hours": "07:00 - 18:00",
    "Saturday Opening Hours": "07:00 - 18:00",
    "Sunday Opening Hours": "10:00 - 16:00",
    "Area": "South Central",
    "Area Client Experience Manager": "Malcolm Dolton",
    "Street": "Sainsburys, Fox Den Rd, Stoke Gilford",
    "County": "Bristol",
    "Postcode": "BN16 3RT",
    "Telephone": "",
    "Email": "",
    "Latitude": 50.818038,
    "Longitude": -0.497557,
    "SharePoint": "https://mostlane.sharepoint.com/Mostlane%20Shared%20Documents/Forms/AllItems.aspx?id=%2FMostlane%20Shared%20Documents%2FMostlane%20Construction%2FTSC%20Compliance%2FCOBRA%2F9694%20East Filton JS",
    "5_Year": "24/06/2029",
    "PAT": "01/05/2026",
    "EM": "01/05/2026",
    "PV": "",
    "EV": "",
    "PUMP": ""
  },
  {
    "Branch Code": 9663,
    "Store Name": "Ferndown JS",
    "Monday Opening Hours": "08:00 - 17:30",
    "Tuesday Opening Hours": "08:00 - 17:30",
    "Wednesday Opening Hours": "08:00 - 17:30",
    "Thursday Opening Hours": "08:00 - 17:30",
    "Friday Opening Hours": "08:00 - 17:30",
    "Saturday Opening Hours": "08:00 - 17:30",
    "Sunday Opening Hours": "10:00 - 16:00",
    "Area": "South Central",
    "Area Client Experience Manager": "Steve Attika",
    "Street": "Sainsburys, 597 Ringwood Road, Ferndown",
    "County": "Dorset",
    "Postcode": "BH22 9AL",
    "Telephone": "01202 873435",
    "Email": "sbuxferndownjs@cobracoffee.co.uk",
    "Latitude": 50.811661,
    "Longitude": -1.875422,
    "SharePoint": "https://mostlane.sharepoint.com/Mostlane%20Shared%20Documents/Forms/AllItems.aspx?id=%2FMostlane%20Shared%20Documents%2FMostlane%20Construction%2FTSC%20Compliance%2FCOBRA%2F9663%20Ferndown JS",
    "5_Year": "03/07/2028",
    "PAT": "14/04/2026",
    "EM": "14/04/2026",
    "PV": "",
    "EV": "",
    "PUMP": ""
  },
  {
    "Branch Code": 9672,
    "Store Name": "Portsmouth",
    "Monday Opening Hours": "07:00 - 18:00",
    "Tuesday Opening Hours": "07:00 - 18:00",
    "Wednesday Opening Hours": "07:00 - 18:00",
    "Thursday Opening Hours": "07:00 - 18:00",
    "Friday Opening Hours": "07:00 - 18:00",
    "Saturday Opening Hours": "07:00 - 18:00",
    "Sunday Opening Hours": "09:00 - 17:00",
    "Area": "South Central",
    "Area Client Experience Manager": "Steve Attika",
    "Street": "Unit 10, Cascades Shopping Centre, Cascades, Portsmouth",
    "County": "Hampshire",
    "Postcode": "PO1 4RJ",
    "Telephone": "02392 826968",
    "Email": "sbuxportsmouth@cobracoffee.co.uk",
    "Latitude": 50.801401,
    "Longitude": -1.090288,
    "SharePoint": "https://mostlane.sharepoint.com/Mostlane%20Shared%20Documents/Forms/AllItems.aspx?id=%2FMostlane%20Shared%20Documents%2FMostlane%20Construction%2FTSC%20Compliance%2FCOBRA%2F9672%20Portsmouth",
    "5_Year": "19/04/2027",
    "PAT": "20/03/2026",
    "EM": "20/03/2026",
    "PV": "",
    "EV": "",
    "PUMP": ""
  },
  {
    "Branch Code": 9679,
    "Store Name": "Rustington DTU",
    "Monday Opening Hours": "06:30 - 19:00",
    "Tuesday Opening Hours": "06:30 - 19:00",
    "Wednesday Opening Hours": "06:30 - 19:00",
    "Thursday Opening Hours": "06:30 - 19:00",
    "Friday Opening Hours": "06:30 - 19:00",
    "Saturday Opening Hours": "07:00 - 19:00",
    "Sunday Opening Hours": "08:00 - 18:00",
    "Area": "South Central",
    "Area Client Experience Manager": "Enrico Cantoni",
    "Street": "Rustington Retail Park, Littlehampton",
    "County": "West Sussex",
    "Postcode": "BN16 3RT",
    "Telephone": "01903 952777",
    "Email": "sbuxrustingtondtu@cobracoffee.co.uk",
    "Latitude": 50.818038,
    "Longitude": -0.497557,
    "SharePoint": "https://mostlane.sharepoint.com/Mostlane%20Shared%20Documents/Forms/AllItems.aspx?id=%2FMostlane%20Shared%20Documents%2FMostlane%20Construction%2FTSC%20Compliance%2FCOBRA%2F9679%20Rustington DTU",
    "5_Year": "31/10/2028",
    "PAT": "17/04/2026",
    "EM": "17/04/2026",
    "PV": "",
    "EV": "",
    "PUMP": "",
    "Last_Updated": "2025-10-21T12:23:17.109Z"
  },
  {
    "Branch Code": 9671,
    "Store Name": "Southampton Above Bar",
    "Monday Opening Hours": "06:00 - 19:30",
    "Tuesday Opening Hours": "06:00 - 19:30",
    "Wednesday Opening Hours": "06:00 - 19:30",
    "Thursday Opening Hours": "06:00 - 19:30",
    "Friday Opening Hours": "06:00 - 19:30",
    "Saturday Opening Hours": "06:00 - 19:30",
    "Sunday Opening Hours": "06:30 - 19:30",
    "Area": "South Central",
    "Area Client Experience Manager": "Steve Attika",
    "Street": "81 Above Bar St, Southampton",
    "County": "Hants",
    "Postcode": "SO14 7FG",
    "Telephone": "02380 829516",
    "Email": "sbuxsouthamptonabovebar@cobracoffee.co.uk",
    "Latitude": 50.905991,
    "Longitude": -1.404745,
    "SharePoint": "https://mostlane.sharepoint.com/Mostlane%20Shared%20Documents/Forms/AllItems.aspx?id=%2FMostlane%20Shared%20Documents%2FMostlane%20Construction%2FTSC%20Compliance%2FCOBRA%2F9671%20Southampton Above Bar",
    "5_Year": "12/04/2027",
    "PAT": "07/03/2026",
    "EM": "07/03/2026",
    "PV": "",
    "EV": "",
    "PUMP": ""
  },
  {
    "Branch Code": 9630,
    "Store Name": "Southampton, London Road",
    "Monday Opening Hours": "06:30 - 20:00",
    "Tuesday Opening Hours": "06:30 - 20:00",
    "Wednesday Opening Hours": "06:30 - 20:00",
    "Thursday Opening Hours": "06:30 - 20:00",
    "Friday Opening Hours": "06:30 - 20:00",
    "Saturday Opening Hours": "08:00 - 18:00",
    "Sunday Opening Hours": "09:00 - 17:00",
    "Area": "South Central",
    "Area Client Experience Manager": "Steve Attika",
    "Street": "61 London Rd, Southampton",
    "County": "Hants",
    "Postcode": "SO15 2AB",
    "Telephone": "0238 0225931",
    "Email": "sbuxsouthamptonlondonrd@cobracoffee.co.uk",
    "Latitude": 50.912416,
    "Longitude": -1.403881,
    "SharePoint": "https://mostlane.sharepoint.com/Mostlane%20Shared%20Documents/Forms/AllItems.aspx?id=%2FMostlane%20Shared%20Documents%2FMostlane%20Construction%2FTSC%20Compliance%2FCOBRA%2F9630%20Southampton, London Road",
    "5_Year": "26/04/2028",
    "PAT": "10/03/2026",
    "EM": "10/03/2026",
    "PV": "",
    "EV": "",
    "PUMP": ""
  },
  {
    "Branch Code": 9632,
    "Store Name": "Southampton, Nelson Gate",
    "Monday Opening Hours": "06:00 - 20:00",
    "Tuesday Opening Hours": "06:00 - 20:00",
    "Wednesday Opening Hours": "06:00 - 20:00",
    "Thursday Opening Hours": "06:00 - 20:00",
    "Friday Opening Hours": "06:00 - 20:00",
    "Saturday Opening Hours": "07:00 - 19:00",
    "Sunday Opening Hours": "08:00 - 18:00",
    "Area": "South Central",
    "Area Client Experience Manager": "Steve Attika",
    "Street": "Grenville House, Nelson Gate, Southampton",
    "County": "Hants",
    "Postcode": "SO15 1GX",
    "Telephone": "0238 0230417",
    "Email": "sbuxsouthamptonnelsongate@cobracoffee.co.uk",
    "Latitude": 50.908231,
    "Longitude": -1.413919,
    "SharePoint": "https://mostlane.sharepoint.com/Mostlane%20Shared%20Documents/Forms/AllItems.aspx?id=%2FMostlane%20Shared%20Documents%2FMostlane%20Construction%2FTSC%20Compliance%2FCOBRA%2F9632%20Southampton, Nelson Gate",
    "5_Year": "27/04/2028",
    "PAT": "10/03/2026",
    "EM": "10/03/2026",
    "PV": "",
    "EV": "",
    "PUMP": ""
  },
  {
    "Branch Code": 9673,
    "Store Name": "Whiteley Village",
    "Monday Opening Hours": "07:00 - 20:00",
    "Tuesday Opening Hours": "07:00 - 20:00",
    "Wednesday Opening Hours": "07:00 - 20:00",
    "Thursday Opening Hours": "07:00 - 20:00",
    "Friday Opening Hours": "07:00 - 20:00",
    "Saturday Opening Hours": "07:00 - 19:00",
    "Sunday Opening Hours": "08:00 - 17:30",
    "Area": "South Central",
    "Area Client Experience Manager": "Steve Attika",
    "Street": "E3, Whiteley Shopping Centre, Whiteley Way, Whiteley",
    "County": "Hants",
    "Postcode": "PO15 7LJ",
    "Telephone": "01489 580909",
    "Email": "sbuxportsmouthwhiteley@cobracoffee.co.uk",
    "Latitude": 50.884829,
    "Longitude": -1.247202,
    "SharePoint": "https://mostlane.sharepoint.com/Mostlane%20Shared%20Documents/Forms/AllItems.aspx?id=%2FMostlane%20Shared%20Documents%2FMostlane%20Construction%2FTSC%20Compliance%2FCOBRA%2F9673%20Whiteley Village",
    "5_Year": "14/04/2027",
    "PAT": "20/03/2026",
    "EM": "20/03/2026",
    "PV": "",
    "EV": "",
    "PUMP": ""
  },
  {
    "Branch Code": 9640,
    "Store Name": "Winchester",
    "Monday Opening Hours": "07:00 - 18:00",
    "Tuesday Opening Hours": "07:00 - 18:00",
    "Wednesday Opening Hours": "07:00 - 18:00",
    "Thursday Opening Hours": "07:00 - 18:00",
    "Friday Opening Hours": "07:00 - 18:00",
    "Saturday Opening Hours": "07:00 - 18:00",
    "Sunday Opening Hours": "08:00 - 17:00",
    "Area": "South Central",
    "Area Client Experience Manager": "Steve Attika",
    "Street": "2 Old Market House, High street, Winchester",
    "County": "Hants",
    "Postcode": "SO23 9LE",
    "Telephone": "01962 867897",
    "Email": "sbuxwinchester@cobracoffee.co.uk ",
    "Latitude": 51.062166,
    "Longitude": -1.31334,
    "SharePoint": "https://mostlane.sharepoint.com/Mostlane%20Shared%20Documents/Forms/AllItems.aspx?id=%2FMostlane%20Shared%20Documents%2FMostlane%20Construction%2FTSC%20Compliance%2FCOBRA%2F9640%20Winchester",
    "5_Year": "24/03/2028",
    "PAT": "04/04/2026",
    "EM": "04/04/2026",
    "PV": "",
    "EV": "",
    "PUMP": ""
  },
  {
    "Branch Code": 9674,
    "Store Name": "Bideford DTU",
    "Monday Opening Hours": "07:00 - 18:30",
    "Tuesday Opening Hours": "07:00 - 18:30",
    "Wednesday Opening Hours": "07:00 - 18:30",
    "Thursday Opening Hours": "07:00 - 18:30",
    "Friday Opening Hours": "07:00 - 18:30",
    "Saturday Opening Hours": "07:00 - 18:30",
    "Sunday Opening Hours": "09:00 - 17:00",
    "Area": "South West ",
    "Area Client Experience Manager": "Mike Hopwood",
    "Street": "Atlantic Park Way, Clovelly Road, Bideford",
    "County": "Devon",
    "Postcode": "EX39 3QU",
    "Telephone": "01237 423546",
    "Email": "sbuxbidefordDTU@cobracoffee.co.uk",
    "Latitude": 51.007678,
    "Longitude": -4.237718,
    "SharePoint": "https://mostlane.sharepoint.com/Mostlane%20Shared%20Documents/Forms/AllItems.aspx?id=%2FMostlane%20Shared%20Documents%2FMostlane%20Construction%2FTSC%20Compliance%2FCOBRA%2F9674%20Bideford DTU",
    "5_Year": "04/04/2027",
    "PAT": "11/03/2026",
    "EM": "11/03/2026",
    "PV": "19/05/2026",
    "EV": "",
    "PUMP": ""
  },
  {
    "Branch Code": 9657,
    "Store Name": "Bridgwater JS",
    "Monday Opening Hours": "07:00 - 18:00",
    "Tuesday Opening Hours": "07:00 - 18:00",
    "Wednesday Opening Hours": "07:00 - 18:00",
    "Thursday Opening Hours": "07:00 - 18:00",
    "Friday Opening Hours": "07:00 - 18:00",
    "Saturday Opening Hours": "07:00 - 18:00",
    "Sunday Opening Hours": "10:00 - 16:00",
    "Area": "South West ",
    "Area Client Experience Manager": "Mike Hopwood",
    "Street": "The Clink, Bridgewater, Taunton",
    "County": "Somerset",
    "Postcode": "TA6 4AB",
    "Telephone": "01278 421726",
    "Email": "sbuxbridgewaterjs@cobracoffee.co.uk ",
    "Latitude": 51.133054,
    "Longitude": -2.998099,
    "SharePoint": "https://mostlane.sharepoint.com/Mostlane%20Shared%20Documents/Forms/AllItems.aspx?id=%2FMostlane%20Shared%20Documents%2FMostlane%20Construction%2FTSC%20Compliance%2FCOBRA%2F9657%20Bridgwater JS",
    "5_Year": "15/11/2027",
    "PAT": "16/04/2026",
    "EM": "16/04/2026",
    "PV": "",
    "EV": "",
    "PUMP": ""
  },
  {
    "Branch Code": 9666,
    "Store Name": "Exeter",
    "Monday Opening Hours": "07:30 - 17:30",
    "Tuesday Opening Hours": "07:30 - 17:30",
    "Wednesday Opening Hours": "07:30 - 17:30",
    "Thursday Opening Hours": "07:30 - 17:30",
    "Friday Opening Hours": "07:30 - 17:30",
    "Saturday Opening Hours": "07:30 - 17:30",
    "Sunday Opening Hours": "08:30 - 17:30",
    "Area": "South West ",
    "Area Client Experience Manager": "Kate Jarman",
    "Street": "5 High Street, Exeter",
    "County": "Devon",
    "Postcode": "EX4 3LF",
    "Telephone": "01392 424099",
    "Email": "sbuxexeter@cobracoffee.co.uk",
    "Latitude": 50.724823,
    "Longitude": -3.528066,
    "SharePoint": "https://mostlane.sharepoint.com/Mostlane%20Shared%20Documents/Forms/AllItems.aspx?id=%2FMostlane%20Shared%20Documents%2FMostlane%20Construction%2FTSC%20Compliance%2FCOBRA%2F9666%20Exeter",
    "5_Year": "05/04/2027",
    "PAT": "11/03/2026",
    "EM": "11/03/2026",
    "PV": "",
    "EV": "",
    "PUMP": ""
  },
  {
    "Branch Code": 9670,
    "Store Name": "Exeter DTU",
    "Monday Opening Hours": "06:00 - 19:00",
    "Tuesday Opening Hours": "06:30 - 19:00",
    "Wednesday Opening Hours": "06:30 - 19:00",
    "Thursday Opening Hours": "06:30 - 19:00",
    "Friday Opening Hours": "06:30 - 19:00",
    "Saturday Opening Hours": "06:30 - 19:00",
    "Sunday Opening Hours": "08:00 - 17:00",
    "Area": "South West ",
    "Area Client Experience Manager": "Kate Jarman",
    "Street": "Unit 9, Marsh Barton Retail Park, Alphington Road, Exeter",
    "County": "Devon",
    "Postcode": "EX2 8AA",
    "Telephone": "01392 436423",
    "Email": "sbuxexeterDTU@cobracoffee.co.uk",
    "Latitude": 50.70783,
    "Longitude": -3.536549,
    "SharePoint": "https://mostlane.sharepoint.com/Mostlane%20Shared%20Documents/Forms/AllItems.aspx?id=%2FMostlane%20Shared%20Documents%2FMostlane%20Construction%2FTSC%20Compliance%2FCOBRA%2F9670%20Exeter DTU",
    "5_Year": "05/04/2027",
    "PAT": "12/03/2026",
    "EM": "12/03/2026",
    "PV": "",
    "EV": "",
    "PUMP": ""
  },
  {
    "Branch Code": 9652,
    "Store Name": "Exeter University",
    "Monday Opening Hours": "08:00 - 20:00",
    "Tuesday Opening Hours": "08:00 - 20:00",
    "Wednesday Opening Hours": "08:00 - 20:00",
    "Thursday Opening Hours": "08:00 - 20:00",
    "Friday Opening Hours": "08:00 - 20:00",
    "Saturday Opening Hours": "08:00 - 20:00",
    "Sunday Opening Hours": "08:00 - 18:00",
    "Area": "South West ",
    "Area Client Experience Manager": "Kate Jarman",
    "Street": "Streatham Campus, Stocker Road, ",
    "County": "Devon",
    "Postcode": "EX4 4PY",
    "Telephone": 1392437616,
    "Email": "sbuxexeteruni@cobracoffee.co.uk",
    "Latitude": 50.735413,
    "Longitude": -3.534519,
    "SharePoint": "https://mostlane.sharepoint.com/Mostlane%20Shared%20Documents/Forms/AllItems.aspx?id=%2FMostlane%20Shared%20Documents%2FMostlane%20Construction%2FTSC%20Compliance%2FCOBRA%2F9652%20Exeter University",
    "5_Year": "05/06/2028",
    "PAT": "12/03/2026",
    "EM": "12/03/2026",
    "PV": "",
    "EV": "",
    "PUMP": ""
  },
  {
    "Branch Code": 9664,
    "Store Name": "Fraddon Services",
    "Monday Opening Hours": "07:00 - 19:00",
    "Tuesday Opening Hours": "07:00 - 19:00",
    "Wednesday Opening Hours": "07:00 - 19:00",
    "Thursday Opening Hours": "07:00 - 19:00",
    "Friday Opening Hours": "07:00 - 19:00",
    "Saturday Opening Hours": "07:00 - 19:00",
    "Sunday Opening Hours": "09:00 - 17:00",
    "Area": "South West ",
    "Area Client Experience Manager": "Kate Jarman",
    "Street": "Kingsley Village, Fraddon",
    "County": "Devon",
    "Postcode": "TR9 6NA",
    "Telephone": "01726 862779",
    "Email": "sbuxfraddon@cobracoffee.co.uk",
    "Latitude": 50.37848,
    "Longitude": -4.943711,
    "SharePoint": "https://mostlane.sharepoint.com/Mostlane%20Shared%20Documents/Forms/AllItems.aspx?id=%2FMostlane%20Shared%20Documents%2FMostlane%20Construction%2FTSC%20Compliance%2FCOBRA%2F9664%20Fraddon Services",
    "5_Year": "22/03/2027",
    "PAT": "07/04/2026",
    "EM": "07/04/2026",
    "PV": "",
    "EV": "",
    "PUMP": ""
  },
  {
    "Branch Code": 9656,
    "Store Name": "Paignton JS",
    "Monday Opening Hours": "08:00 - 19:00",
    "Tuesday Opening Hours": "08:00 - 19:00",
    "Wednesday Opening Hours": "08:00 - 19:00",
    "Thursday Opening Hours": "08:00 - 19:00",
    "Friday Opening Hours": "08:00 - 19:00",
    "Saturday Opening Hours": "08:00 - 19:00",
    "Sunday Opening Hours": "09:30 - 16:00",
    "Area": "South West ",
    "Area Client Experience Manager": "Kate Jarman",
    "Street": "Sainsbury Concession, Paignton",
    "County": "Devon",
    "Postcode": "TQ4 7FQ",
    "Telephone": "01803527433",
    "Email": "sbuxpaigntonjs@cobracoffee.co.uk",
    "Latitude": 50.411931,
    "Longitude": -3.584016,
    "SharePoint": "https://mostlane.sharepoint.com/Mostlane%20Shared%20Documents/Forms/AllItems.aspx?id=%2FMostlane%20Shared%20Documents%2FMostlane%20Construction%2FTSC%20Compliance%2FCOBRA%2F9656%20Paignton JS",
    "5_Year": "04/06/2028",
    "PAT": "07/05/2026",
    "EM": "07/05/2026",
    "PV": "",
    "EV": "",
    "PUMP": ""
  },
  {
    "Branch Code": 9667,
    "Store Name": "Plymouth",
    "Monday Opening Hours": "07:30 - 18:00",
    "Tuesday Opening Hours": "07:30 - 18:00",
    "Wednesday Opening Hours": "07:30 - 18:00",
    "Thursday Opening Hours": "07:30 - 18:00",
    "Friday Opening Hours": "07:30 - 18:00",
    "Saturday Opening Hours": "07:30 - 18:00",
    "Sunday Opening Hours": "10:00 - 17:00",
    "Area": "South West ",
    "Area Client Experience Manager": "Kate Jarman",
    "Street": "Drakes Circus, Plymouth",
    "County": "Devon",
    "Postcode": "PL1 1EA",
    "Telephone": "01752 220237",
    "Email": "sbuxplymouthdrakes@cobracoffee.co.uk",
    "Latitude": 50.372508,
    "Longitude": -4.137794,
    "SharePoint": "https://mostlane.sharepoint.com/Mostlane%20Shared%20Documents/Forms/AllItems.aspx?id=%2FMostlane%20Shared%20Documents%2FMostlane%20Construction%2FTSC%20Compliance%2FCOBRA%2F9667%20Plymouth",
    "5_Year": "17/12/2026",
    "PAT": "07/04/2026",
    "EM": "07/04/2026",
    "PV": "",
    "EV": "",
    "PUMP": ""
  },
  {
    "Branch Code": 9676,
    "Store Name": "Plymouth DTU",
    "Monday Opening Hours": "06:30 - 19:00",
    "Tuesday Opening Hours": "06:30 - 19:00",
    "Wednesday Opening Hours": "06:30 - 19:00",
    "Thursday Opening Hours": "06:30 - 19:00",
    "Friday Opening Hours": "06:30 - 19:00",
    "Saturday Opening Hours": "07:00 - 19:00",
    "Sunday Opening Hours": "07:30 - 18:00",
    "Area": "South West ",
    "Area Client Experience Manager": "Kate Jarman",
    "Street": "Coypool Retail Park, Plymouth Road, Plymouth",
    "County": "Devon",
    "Postcode": "PL7 4SS",
    "Telephone": "017523 37603",
    "Email": "sbuxplymouthcoypoolDTU@cobracoffee.co.uk",
    "Latitude": 50.392312,
    "Longitude": -4.080337,
    "SharePoint": "https://mostlane.sharepoint.com/Mostlane%20Shared%20Documents/Forms/AllItems.aspx?id=%2FMostlane%20Shared%20Documents%2FMostlane%20Construction%2FTSC%20Compliance%2FCOBRA%2F9676%20Plymouth DTU",
    "5_Year": "03/06/2028",
    "PAT": "09/04/2026",
    "EM": "09/04/2026",
    "PV": "",
    "EV": "",
    "PUMP": ""
  },
  {
    "Branch Code": 9653,
    "Store Name": "Street JS",
    "Monday Opening Hours": "08:00 - 17:00",
    "Tuesday Opening Hours": "08:00 - 17:00",
    "Wednesday Opening Hours": "08:00 - 17:00",
    "Thursday Opening Hours": "08:00 - 17:00",
    "Friday Opening Hours": "08:00 - 17:00",
    "Saturday Opening Hours": "08:00 - 17:00",
    "Sunday Opening Hours": "08:00 - 17:00",
    "Area": "South West ",
    "Area Client Experience Manager": "Mike Hopwood",
    "Street": "Gravenchon Way, Street",
    "County": "Somerset",
    "Postcode": "BA16 0HS",
    "Telephone": "01458841039 ",
    "Email": "sbuxstreetjs@cobracoffee.co.uk",
    "Latitude": 51.127313,
    "Longitude": -2.75501,
    "SharePoint": "https://mostlane.sharepoint.com/Mostlane%20Shared%20Documents/Forms/AllItems.aspx?id=%2FMostlane%20Shared%20Documents%2FMostlane%20Construction%2FTSC%20Compliance%2FCOBRA%2F9653%20Street JS",
    "5_Year": "31/05/2028",
    "PAT": "15/04/2026",
    "EM": "15/04/2026",
    "PV": "",
    "EV": "",
    "PUMP": ""
  },
  {
    "Branch Code": 9639,
    "Store Name": "Taunton DTU",
    "Monday Opening Hours": "07:00 - 22:00",
    "Tuesday Opening Hours": "07:00 - 22:00",
    "Wednesday Opening Hours": "07:00 - 22:00",
    "Thursday Opening Hours": "07:00 - 22:00",
    "Friday Opening Hours": "07:00 - 22:00",
    "Saturday Opening Hours": "07:00 - 22:00",
    "Sunday Opening Hours": "07:00 - 22:00",
    "Area": "South West ",
    "Area Client Experience Manager": "Mike Hopwood",
    "Street": "Deane Retail Park, Hankridge Way, West Monkton, Taunton",
    "County": "Somerset",
    "Postcode": "TA1 2LR",
    "Telephone": "01823 442996",
    "Email": "sbuxtauntonDTU@cobracoffee.co.uk",
    "Latitude": 51.021396,
    "Longitude": -3.064194,
    "SharePoint": "https://mostlane.sharepoint.com/Mostlane%20Shared%20Documents/Forms/AllItems.aspx?id=%2FMostlane%20Shared%20Documents%2FMostlane%20Construction%2FTSC%20Compliance%2FCOBRA%2F9639%20Taunton DTU",
    "5_Year": "01/06/2028",
    "PAT": "16/04/2026",
    "EM": "16/04/2026",
    "PV": "",
    "EV": "",
    "PUMP": ""
  },
  {
    "Branch Code": 9669,
    "Store Name": "Truro Chiverton X",
    "Monday Opening Hours": "06:30 - 19:00",
    "Tuesday Opening Hours": "06:30 - 19:00",
    "Wednesday Opening Hours": "06:30 - 19:00",
    "Thursday Opening Hours": "06:30 - 19:00",
    "Friday Opening Hours": "06:30 - 19:00",
    "Saturday Opening Hours": "06:30 - 19:00",
    "Sunday Opening Hours": "09:00 - 17:00",
    "Area": "South West ",
    "Area Client Experience Manager": "Kate Jarman",
    "Street": "Chiverton Cross, Truro",
    "County": "Cornwall",
    "Postcode": "TR4 8HS",
    "Telephone": "01872 560124",
    "Email": "sbuxtrurocx@cobracoffee.co.uk",
    "Latitude": 50.279374,
    "Longitude": -5.165783,
    "SharePoint": "https://mostlane.sharepoint.com/Mostlane%20Shared%20Documents/Forms/AllItems.aspx?id=%2FMostlane%20Shared%20Documents%2FMostlane%20Construction%2FTSC%20Compliance%2FCOBRA%2F9669%20Truro Chiverton X",
    "5_Year": "27/01/2027",
    "PAT": "09/04/2026",
    "EM": "09/04/2026",
    "PV": "",
    "EV": "",
    "PUMP": ""
  },
  {
    "Branch Code": 9668,
    "Store Name": "Truro High Street",
    "Monday Opening Hours": "07:30 - 18:00",
    "Tuesday Opening Hours": "07:30 - 18:00",
    "Wednesday Opening Hours": "07:30 - 18:00",
    "Thursday Opening Hours": "07:30 - 18:00",
    "Friday Opening Hours": "07:30 - 18:00",
    "Saturday Opening Hours": "07:30 - 18:00",
    "Sunday Opening Hours": "09:30 - 17:00",
    "Area": "South West ",
    "Area Client Experience Manager": "Kate Jarman",
    "Street": "24 Victoria Square, Truro",
    "County": "Cornwall",
    "Postcode": "TR1 2SD",
    "Telephone": "01872 274485",
    "Email": "sbuxtruro@cobracoffee.co.uk",
    "Latitude": 50.263411,
    "Longitude": -5.05303,
    "SharePoint": "https://mostlane.sharepoint.com/Mostlane%20Shared%20Documents/Forms/AllItems.aspx?id=%2FMostlane%20Shared%20Documents%2FMostlane%20Construction%2FTSC%20Compliance%2FCOBRA%2F9668%20Truro High Street",
    "5_Year": "21/03/2027",
    "PAT": "06/05/2026",
    "EM": "06/05/2026",
    "PV": "",
    "EV": "",
    "PUMP": ""
  },
  {
    "Branch Code": 9649,
    "Store Name": "Worle JS",
    "Monday Opening Hours": "08:00 - 17:00",
    "Tuesday Opening Hours": "08:00 - 17:00",
    "Wednesday Opening Hours": "08:00 - 17:00",
    "Thursday Opening Hours": "08:00 - 17:00",
    "Friday Opening Hours": "08:00 - 17:00",
    "Saturday Opening Hours": "08:00 - 17:00",
    "Sunday Opening Hours": "09:00 - 17:00",
    "Area": "South West ",
    "Area Client Experience Manager": "Mike Hopwood",
    "Street": "Sainsbury Queensway, Weston-Super-Mare",
    "County": "Somerset",
    "Postcode": "BS22 6BL",
    "Telephone": 1934511493,
    "Email": "sbuxworlejs@cobracoffee.co.uk",
    "Latitude": 51.361671,
    "Longitude": -2.911164,
    "SharePoint": "https://mostlane.sharepoint.com/Mostlane%20Shared%20Documents/Forms/AllItems.aspx?id=%2FMostlane%20Shared%20Documents%2FMostlane%20Construction%2FTSC%20Compliance%2FCOBRA%2F9649%20Worle JS",
    "5_Year": "01/08/2028",
    "PAT": "24/03/2026",
    "EM": "24/03/2026",
    "PV": "",
    "EV": "",
    "PUMP": ""
  },
  {
    "Branch Code": 9665,
    "Store Name": "Yeovil",
    "Monday Opening Hours": "07:00 - 20:00",
    "Tuesday Opening Hours": "07:00 - 20:00",
    "Wednesday Opening Hours": "07:00 - 20:00",
    "Thursday Opening Hours": "07:00 - 20:00",
    "Friday Opening Hours": "07:00 - 20:00",
    "Saturday Opening Hours": "07:00 - 18:00",
    "Sunday Opening Hours": "09:00 - 17:00",
    "Area": "South West ",
    "Area Client Experience Manager": "Mike Hopwood",
    "Street": "Peel Shopping Park, Babylon Hill, Yeovil",
    "County": "Somerset",
    "Postcode": "BA21 5BT",
    "Telephone": "01935 472995",
    "Email": "sbuxyeovil@cobracoffee.co.uk",
    "Latitude": 50.940973,
    "Longitude": -2.606934,
    "SharePoint": "https://mostlane.sharepoint.com/Mostlane%20Shared%20Documents/Forms/AllItems.aspx?id=%2FMostlane%20Shared%20Documents%2FMostlane%20Construction%2FTSC%20Compliance%2FCOBRA%2F9665%20Yeovil",
    "5_Year": "05/04/2027",
    "PAT": "02/04/2026",
    "EM": "02/04/2026",
    "PV": "",
    "EV": "",
    "PUMP": ""
  },
  {
    "Branch Code": 9631,
    "Store Name": "Bath",
    "Monday Opening Hours": "07:00 - 19:00",
    "Tuesday Opening Hours": "07:00 - 19:00",
    "Wednesday Opening Hours": "07:00 - 19:00",
    "Thursday Opening Hours": "07:00 - 19:00",
    "Friday Opening Hours": "07:00 - 19:00",
    "Saturday Opening Hours": "08:00 - 18:00",
    "Sunday Opening Hours": "06:30 - 21:00",
    "Area": "West",
    "Area Client Experience Manager": "Malcolm Dolton",
    "Street": "Unit B Strahan House, Avon St, Bath",
    "County": "Somerset",
    "Postcode": "BA1 1UN",
    "Telephone": "01225 336933",
    "Email": "sbuxbathavonst@cobracoffee.co.uk",
    "Latitude": 51.380757,
    "Longitude": -2.362788,
    "SharePoint": "https://mostlane.sharepoint.com/Mostlane%20Shared%20Documents/Forms/AllItems.aspx?id=%2FMostlane%20Shared%20Documents%2FMostlane%20Construction%2FTSC%20Compliance%2FCOBRA%2F9631%20Bath",
    "5_Year": "24/03/2028",
    "PAT": "13/03/2026",
    "EM": "13/03/2026",
    "PV": "",
    "EV": "",
    "PUMP": ""
  },
  {
    "Branch Code": 9654,
    "Store Name": "Bradley Stoke DTU",
    "Monday Opening Hours": "06:30 - 20:00",
    "Tuesday Opening Hours": "06:30 - 20:00",
    "Wednesday Opening Hours": "06:30 - 20:00",
    "Thursday Opening Hours": "06:30 - 20:00",
    "Friday Opening Hours": "06:30 - 20:00",
    "Saturday Opening Hours": "07:00 - 20:00",
    "Sunday Opening Hours": "08:00 - 18:00",
    "Area": "West",
    "Area Client Experience Manager": "Malcolm Dolton",
    "Street": "Willow Brook Centre Bradley Stoke ",
    "County": "Bristol",
    "Postcode": "BS32 8BS",
    "Telephone": "01454 202289",
    "Email": "sbuxbradleystokedtu@cobracoffee.co.uk ",
    "Latitude": 51.535863,
    "Longitude": -2.548266,
    "SharePoint": "https://mostlane.sharepoint.com/Mostlane%20Shared%20Documents/Forms/AllItems.aspx?id=%2FMostlane%20Shared%20Documents%2FMostlane%20Construction%2FTSC%20Compliance%2FCOBRA%2F9654%20Bradley Stoke DTU",
    "5_Year": "30/11/2027",
    "PAT": "21/03/2026",
    "EM": "21/03/2026",
    "PV": "",
    "EV": "",
    "PUMP": ""
  },
  {
    "Branch Code": 9634,
    "Store Name": "Brislington DTU",
    "Monday Opening Hours": "06:30 - 17:30",
    "Tuesday Opening Hours": "06:30 - 17:30",
    "Wednesday Opening Hours": "06:30 - 17:30",
    "Thursday Opening Hours": "06:30 - 17:30",
    "Friday Opening Hours": "06:30 - 17:30",
    "Saturday Opening Hours": "07:00 - 17:30",
    "Sunday Opening Hours": "08:30 - 17:00",
    "Area": "West",
    "Area Client Experience Manager": "Emily Friedl",
    "Street": "821 Bath Rd, Brislington, Bristol",
    "County": "Bristol",
    "Postcode": "BS4 5NL",
    "Telephone": "0117 941 8677",
    "Email": "sbuxbrislingtonDTU@cobracoffee.co.uk",
    "Latitude": 51.430603,
    "Longitude": -2.541077,
    "SharePoint": "https://mostlane.sharepoint.com/Mostlane%20Shared%20Documents/Forms/AllItems.aspx?id=%2FMostlane%20Shared%20Documents%2FMostlane%20Construction%2FTSC%20Compliance%2FCOBRA%2F9634%20Brislington DTU",
    "5_Year": "07/06/2028",
    "PAT": "13/03/2026",
    "EM": "13/03/2026",
    "PV": "",
    "EV": "",
    "PUMP": ""
  },
  {
    "Branch Code": 9624,
    "Store Name": "Bristol Clifton Down",
    "Monday Opening Hours": "08:00 - 21:00",
    "Tuesday Opening Hours": "08:00 - 21:00",
    "Wednesday Opening Hours": "08:00 - 21:00",
    "Thursday Opening Hours": "08:00 - 21:00",
    "Friday Opening Hours": "08:00 - 21:00",
    "Saturday Opening Hours": "08:00 - 21:00",
    "Sunday Opening Hours": "07:30 - 19:00",
    "Area": "West",
    "Area Client Experience Manager": "Emily Friedl",
    "Street": "Whiteladies Rd, Bristol",
    "County": "Bristol",
    "Postcode": "BS8 2NN",
    "Telephone": "01179 467522",
    "Email": "sbuxbristolcliftondown@cobracoffee.co.uk",
    "Latitude": 51.464007,
    "Longitude": -2.610743,
    "SharePoint": "https://mostlane.sharepoint.com/Mostlane%20Shared%20Documents/Forms/AllItems.aspx?id=%2FMostlane%20Shared%20Documents%2FMostlane%20Construction%2FTSC%20Compliance%2FCOBRA%2F9624%20Bristol Clifton Down",
    "5_Year": "28/02/2027",
    "PAT": "17/03/2026",
    "EM": "17/03/2026",
    "PV": "",
    "EV": "",
    "PUMP": ""
  },
  {
    "Branch Code": 9626,
    "Store Name": "Bristol Cribbs Mall",
    "Monday Opening Hours": "08:00 - 20:00",
    "Tuesday Opening Hours": "08:00 - 20:00",
    "Wednesday Opening Hours": "08:00 - 20:00",
    "Thursday Opening Hours": "08:00 - 21:00",
    "Friday Opening Hours": "08:00 - 21:00",
    "Saturday Opening Hours": "08:00 - 20:00",
    "Sunday Opening Hours": "07:30 - 19:00",
    "Area": "West",
    "Area Client Experience Manager": "Malcolm Dolton",
    "Street": "The Mall, Cribbs Causeway, Kiosk 072 Lower Level, Bristol",
    "County": "Bristol",
    "Postcode": "BS34 5TQ",
    "Telephone": "01179 505294",
    "Email": "sbuxbristolcribbscauseway@cobracoffee.co.uk",
    "Latitude": 51.529695,
    "Longitude": -2.601199,
    "SharePoint": "https://mostlane.sharepoint.com/Mostlane%20Shared%20Documents/Forms/AllItems.aspx?id=%2FMostlane%20Shared%20Documents%2FMostlane%20Construction%2FTSC%20Compliance%2FCOBRA%2F9626%20Bristol Cribbs Mall",
    "5_Year": "28/02/2027",
    "PAT": "21/03/2026",
    "EM": "21/03/2026",
    "PV": "",
    "EV": "",
    "PUMP": ""
  },
  {
    "Branch Code": 9641,
    "Store Name": "Bristol Gallagher Retail Park ",
    "Monday Opening Hours": "07:00 - 18:00",
    "Tuesday Opening Hours": "07:00 - 18:00",
    "Wednesday Opening Hours": "07:00 - 18:00",
    "Thursday Opening Hours": "07:00 - 18:00",
    "Friday Opening Hours": "07:00 - 18:00",
    "Saturday Opening Hours": "07:00 - 18:00",
    "Sunday Opening Hours": "08:00 - 17:00",
    "Area": "West",
    "Area Client Experience Manager": "Emily Friedl",
    "Street": "Starbucks, Gallagher Retail Park, Aldermoor way/March way  Longwell Green",
    "County": "Bristol",
    "Postcode": "BS30 7DA ",
    "Telephone": "0117 9670717",
    "Email": "sbuxbristolGallagherRP@cobracoffee.co.uk",
    "Latitude": 51.444848,
    "Longitude": -2.498065,
    "SharePoint": "https://mostlane.sharepoint.com/Mostlane%20Shared%20Documents/Forms/AllItems.aspx?id=%2FMostlane%20Shared%20Documents%2FMostlane%20Construction%2FTSC%20Compliance%2FCOBRA%2F9641%20Bristol Gallagher Retail Park ",
    "5_Year": "08/06/2028",
    "PAT": "24/03/2026",
    "EM": "24/03/2026",
    "PV": "",
    "EV": "",
    "PUMP": ""
  },
  {
    "Branch Code": 9625,
    "Store Name": "Bristol Horsefair",
    "Monday Opening Hours": "06:30 - 20:00",
    "Tuesday Opening Hours": "06:30 - 20:00",
    "Wednesday Opening Hours": "06:30 - 20:00",
    "Thursday Opening Hours": "06:30 - 20:00",
    "Friday Opening Hours": "06:30 - 20:00",
    "Saturday Opening Hours": "06:30 - 20:00",
    "Sunday Opening Hours": "09:00 - 18:30",
    "Area": "West",
    "Area Client Experience Manager": "Emily Friedl",
    "Street": "48 Horsefair, Bristol",
    "County": "Bristol",
    "Postcode": "BS1 3EE",
    "Telephone": "01179 291367",
    "Email": "sbuxbristolhorsefair@cobracoffee.co.uk",
    "Latitude": 51.458054,
    "Longitude": -2.589721,
    "SharePoint": "https://mostlane.sharepoint.com/Mostlane%20Shared%20Documents/Forms/AllItems.aspx?id=%2FMostlane%20Shared%20Documents%2FMostlane%20Construction%2FTSC%20Compliance%2FCOBRA%2F9625%20Bristol Horsefair",
    "5_Year": "28/02/2027",
    "PAT": "17/03/2026",
    "EM": "17/03/2026",
    "PV": "",
    "EV": "",
    "PUMP": ""
  },
  {
    "Branch Code": 9696,
    "Store Name": "Bristol St Augustines",
    "Monday Opening Hours": "07:00 - 19:00",
    "Tuesday Opening Hours": "07:00 - 19:00",
    "Wednesday Opening Hours": "07:00 - 19:00",
    "Thursday Opening Hours": "07:00 - 19:00",
    "Friday Opening Hours": "07:00 - 19:00",
    "Saturday Opening Hours": "07:30 - 20:00",
    "Sunday Opening Hours": "08:00 - 18:00",
    "Area": "West",
    "Area Client Experience Manager": "Emily Friedl",
    "Street": "18 St Augustines Parade",
    "County": "Bristol",
    "Postcode": "BS1 4UL",
    "Telephone": "0117 370 1615",
    "Email": "sbuxbristolstaugustines@cobracoffee.co.uk",
    "Latitude": 51.453569,
    "Longitude": -2.598197,
    "SharePoint": "https://mostlane.sharepoint.com/Mostlane%20Shared%20Documents/Forms/AllItems.aspx?id=%2FMostlane%20Shared%20Documents%2FMostlane%20Construction%2FTSC%20Compliance%2FCOBRA%2F9696%20Bristol St Augustines",
    "5_Year": "*30/05/2029",
    "PAT": "01/05/2026",
    "EM": "01/05/2026",
    "PV": "",
    "EV": "",
    "PUMP": ""
  },
  {
    "Branch Code": 9627,
    "Store Name": "Bristol Temple Quay",
    "Monday Opening Hours": "05:30 - 18:00",
    "Tuesday Opening Hours": "05:30 - 18:00",
    "Wednesday Opening Hours": "05:30 - 18:00",
    "Thursday Opening Hours": "05:30 - 18:00",
    "Friday Opening Hours": "05:30 - 18:00",
    "Saturday Opening Hours": "05:30 - 18:00",
    "Sunday Opening Hours": "08:30 - 17:00",
    "Area": "West",
    "Area Client Experience Manager": "Emily Friedl",
    "Street": "1 Temple Square, Unit A, Bristol",
    "County": "Bristol",
    "Postcode": "BS1 6DG",
    "Telephone": "01179 273340",
    "Email": "sbuxbristoltemplequay@cobracoffee.co.uk",
    "Latitude": 51.450728,
    "Longitude": -2.582114,
    "SharePoint": "https://mostlane.sharepoint.com/Mostlane%20Shared%20Documents/Forms/AllItems.aspx?id=%2FMostlane%20Shared%20Documents%2FMostlane%20Construction%2FTSC%20Compliance%2FCOBRA%2F9627%20Bristol Temple Quay",
    "5_Year": "28/02/2027",
    "PAT": "17/03/2026",
    "EM": "17/03/2026",
    "PV": "",
    "EV": "",
    "PUMP": ""
  },
  {
    "Branch Code": 9505,
    "Store Name": "Chippenham",
    "Monday Opening Hours": "07:30 - 18:30",
    "Tuesday Opening Hours": "07:30 - 18:30",
    "Wednesday Opening Hours": "07:30 - 18:30",
    "Thursday Opening Hours": "07:30 - 18:30",
    "Friday Opening Hours": "07:30 - 18:30",
    "Saturday Opening Hours": "07:30 - 18:30",
    "Sunday Opening Hours": "09:00 - 17:00",
    "Area": "West",
    "Area Client Experience Manager": "Malcolm Dolton",
    "Street": "8 Hight Street, Chippenham",
    "County": "Wiltshire",
    "Postcode": "SN15 3EY",
    "Telephone": "",
    "Email": "",
    "Latitude": 51.45923,
    "Longitude": -2.1161,
    "SharePoint": "https://mostlane.sharepoint.com/Mostlane%20Shared%20Documents/Forms/AllItems.aspx?id=%2FMostlane%20Shared%20Documents%2FMostlane%20Construction%2FTSC%20Compliance%2FCOBRA%2F9505%20Chippenham",
    "5_Year": "28/10/2029",
    "PAT": "28/10/2025",
    "EM": "28/10/2025",
    "PV": "",
    "EV": "",
    "PUMP": "",
    "Last_Updated": "2025-10-21T12:39:24.462Z"
  },
  {
    "Branch Code": 9698,
    "Store Name": "Bristol Business Park",
    "Monday Opening Hours": "07:00 - 18:00",
    "Tuesday Opening Hours": "07:00 - 18:00",
    "Wednesday Opening Hours": "07:00 - 18:00",
    "Thursday Opening Hours": "07:00 - 18:00",
    "Friday Opening Hours": "07:00 - 18:00",
    "Saturday Opening Hours": "07:00 - 18:00",
    "Sunday Opening Hours": "10:00 - 16:00",
    "Area": "West ",
    "Area Client Experience Manager": "Malcolm Dolton",
    "Street": "Unit 1a 100c, Bristol Business Park",
    "County": "Bristol",
    "Postcode": "BS16 1EJ",
    "Telephone": "01172 337072",
    "Email": "sbuxbristolbusinesspark@cobracoffee.co.uk",
    "Latitude": 51.502228,
    "Longitude": -2.541839,
    "SharePoint": "https://mostlane.sharepoint.com/Mostlane%20Shared%20Documents/Forms/AllItems.aspx?id=%2FMostlane%20Shared%20Documents%2FMostlane%20Construction%2FTSC%20Compliance%2FCOBRA%2F9698%20Bristol Business Park",
    "5_Year": "*12/03/2030",
    "PAT": "01/03/2026",
    "EM": "01/03/2026",
    "PV": "",
    "EV": "",
    "PUMP": ""
  },
  {
    "Branch Code": 9506,
    "Store Name": "Newton Abbot",
    "Monday Opening Hours": "07:00 - 19:00",
    "Tuesday Opening Hours": "07:00 - 19:01",
    "Wednesday Opening Hours": "07:00 - 19:02",
    "Thursday Opening Hours": "07:00 - 19:03",
    "Friday Opening Hours": "07:00 - 19:04",
    "Saturday Opening Hours": "08:00 - 18:00",
    "Sunday Opening Hours": "09:00 - 17:30",
    "Area": "South West ",
    "Area Client Experience Manager": "Kate Jarman",
    "Street": "Unit 1a, Pottery Rd, Newton Abbot",
    "County": "Devon",
    "Postcode": "TQ12 3BN",
    "Telephone": "",
    "Email": "sbuxnewtonabbot@cobracoffee.co.uk",
    "Latitude": 50.541118,
    "Longitude": -3.5973,
    "SharePoint": "https://mostlane.sharepoint.com/Mostlane%20Shared%20Documents/Forms/AllItems.aspx?id=%2FMostlane%20Shared%20Documents%2FMostlane%20Construction%2FTSC%20Compliance%2FCOBRA%2F9506%20Newton Abbot",
    "5_Year": "06/03/2030",
    "PAT": "07/03/2026",
    "EM": "07/03/2026",
    "PV": "",
    "EV": "",
    "PUMP": "",
    "Last_Updated": "2025-10-21T12:23:17.109Z"
  },
  {
    "Branch Code": 9508,
    "Store Name": "Winchester EV Hub",
    "Monday Opening Hours": "",
    "Tuesday Opening Hours": "",
    "Wednesday Opening Hours": "",
    "Thursday Opening Hours": "",
    "Friday Opening Hours": "",
    "Saturday Opening Hours": "",
    "Sunday Opening Hours": "",
    "Area": "South Central",
    "Area Client Experience Manager": "Steve Attika",
    "Street": "Three Maids Hill, Andover Road, Winchester",
    "County": "Hampshire",
    "Postcode": "SO21 2FT",
    "Telephone": "",
    "Email": "sbuxwinchesterthreemaidsev@cobracoffee.co.uk ",
    "Latitude": 51.10125,
    "Longitude": -1.342011,
    "SharePoint": "https://mostlane.sharepoint.com/Mostlane%20Shared%20Documents/Forms/AllItems.aspx?id=%2FMostlane%20Shared%20Documents%2FMostlane%20Construction%2FTSC%20Compliance%2FCOBRA%2F9508%20Winchester EV Hub",
    "5_Year": "07/03/2030",
    "PAT": "07/03/2026",
    "EM": "07/03/2026",
    "PV": "",
    "EV": "",
    "PUMP": "",
    "Last_Updated": "2025-10-21T11:54:03.521Z"
  },
  {
    "Branch Code": 9697,
    "Store Name": "Crawley Gatwick DTU",
    "Monday Opening Hours": "06:00 - 19:00",
    "Tuesday Opening Hours": "06:00 - 19:00",
    "Wednesday Opening Hours": "06:00 - 19:00",
    "Thursday Opening Hours": "06:00 - 19:00",
    "Friday Opening Hours": "06:00 - 19:00",
    "Saturday Opening Hours": "06:00 - 19:00",
    "Sunday Opening Hours": "08:00 - 18:00",
    "Area": "Central",
    "Area Client Experience Manager": "Cristiano Sobral",
    "Street": "Gatwick Rd, Crawley",
    "County": "West Sussex",
    "Postcode": "RH10 9BG",
    "Telephone": "",
    "Email": "",
    "Latitude": 51.133206,
    "Longitude": -0.168128,
    "SharePoint": "https://mostlane.sharepoint.com/Mostlane%20Shared%20Documents/Forms/AllItems.aspx?id=%2FMostlane%20Shared%20Documents%2FMostlane%20Construction%2FTSC%20Compliance%2FCOBRA%2F9697%20Crawley Gatwick DTU",
    "5_Year": "12/05/2030",
    "PAT": "13/05/2026",
    "EM": "13/05/2026",
    "PV": "",
    "EV": "",
    "PUMP": "",
    "Last_Updated": "2025-10-21T12:39:24.462Z"
  },
  {
    "Branch Code": 9507,
    "Store Name": "Aldershot Union Yard",
    "Monday Opening Hours": "07:00 - 18:30",
    "Tuesday Opening Hours": "07:00 - 18:30",
    "Wednesday Opening Hours": "07:00 - 18:30",
    "Thursday Opening Hours": "07:00 - 18:30",
    "Friday Opening Hours": "07:00 - 18:30",
    "Saturday Opening Hours": "07:00 - 18:30",
    "Sunday Opening Hours": "08:00 - 18:00",
    "Area": "North",
    "Area Client Experience Manager": "Ben Moore",
    "Street": "Unit 2, Union Yard, Aldershot",
    "County": "",
    "Postcode": "GU11 1EW",
    "Telephone": "",
    "Email": "sbuxaldershot@cobracoffee.co.uk",
    "Latitude": 51.249518,
    "Longitude": -0.76592,
    "SharePoint": "https://mostlane.sharepoint.com/Mostlane%20Shared%20Documents/Forms/AllItems.aspx?id=%2FMostlane%20Shared%20Documents%2FMostlane%20Construction%2FTSC%20Compliance%2FCOBRA%2F9507%20Aldershot Union Yard",
    "5_Year": "*01/02/2030",
    "PAT": "01/03/2026",
    "EM": "01/03/2026",
    "PV": "",
    "EV": "",
    "PUMP": ""
  }
]